/*
 Navicat Premium Data Transfer

 Source Server         : MysqlKonek
 Source Server Type    : MySQL
 Source Server Version : 100130
 Source Host           : localhost:3306
 Source Schema         : db_bengkel

 Target Server Type    : MySQL
 Target Server Version : 100130
 File Encoding         : 65001

 Date: 21/06/2018 17:31:58
*/

SET NAMES utf8mb4;
SET FOREIGN_KEY_CHECKS = 0;

-- ----------------------------
-- Table structure for t_detail_jasa
-- ----------------------------
DROP TABLE IF EXISTS `t_detail_jasa`;
CREATE TABLE `t_detail_jasa`  (
  `id_detail_jasa` int(11) NOT NULL AUTO_INCREMENT,
  `id_jasa` int(11) NOT NULL,
  `id_part` int(11) NOT NULL,
  `jumlah_part` int(11) NOT NULL,
  PRIMARY KEY (`id_detail_jasa`) USING BTREE,
  INDEX `fkdj2`(`id_part`) USING BTREE,
  INDEX `fkdj1`(`id_jasa`) USING BTREE,
  CONSTRAINT `fkdj1` FOREIGN KEY (`id_jasa`) REFERENCES `t_jasa` (`id_jasa`) ON DELETE RESTRICT ON UPDATE RESTRICT,
  CONSTRAINT `fkdj2` FOREIGN KEY (`id_part`) REFERENCES `t_part` (`id_part`) ON DELETE RESTRICT ON UPDATE RESTRICT
) ENGINE = InnoDB AUTO_INCREMENT = 1 CHARACTER SET = latin1 COLLATE = latin1_swedish_ci ROW_FORMAT = Compact;

-- ----------------------------
-- Table structure for t_detail_trans_part
-- ----------------------------
DROP TABLE IF EXISTS `t_detail_trans_part`;
CREATE TABLE `t_detail_trans_part`  (
  `id_detail_trans_part` int(11) NOT NULL AUTO_INCREMENT,
  `id_trans_part` int(11) NOT NULL,
  `id_part` int(11) NOT NULL,
  `jumlah_part` int(11) NOT NULL,
  `harga` int(11) NOT NULL,
  PRIMARY KEY (`id_detail_trans_part`) USING BTREE,
  INDEX `fkdtp1`(`id_trans_part`) USING BTREE,
  INDEX `fkdtp2`(`id_part`) USING BTREE,
  CONSTRAINT `fkdtp1` FOREIGN KEY (`id_trans_part`) REFERENCES `t_trans_part` (`id_trans_part`) ON DELETE RESTRICT ON UPDATE RESTRICT,
  CONSTRAINT `fkdtp2` FOREIGN KEY (`id_part`) REFERENCES `t_part` (`id_part`) ON DELETE RESTRICT ON UPDATE RESTRICT
) ENGINE = InnoDB AUTO_INCREMENT = 9 CHARACTER SET = latin1 COLLATE = latin1_swedish_ci ROW_FORMAT = Compact;

-- ----------------------------
-- Records of t_detail_trans_part
-- ----------------------------
INSERT INTO `t_detail_trans_part` VALUES (1, 1, 4, 3, 12000);
INSERT INTO `t_detail_trans_part` VALUES (2, 2, 5, 4, 24000);
INSERT INTO `t_detail_trans_part` VALUES (3, 3, 5, 2, 12000);
INSERT INTO `t_detail_trans_part` VALUES (4, 4, 7, 2, 90000);
INSERT INTO `t_detail_trans_part` VALUES (5, 5, 7, 3, 135000);
INSERT INTO `t_detail_trans_part` VALUES (6, 6, 4, 1, 4000);
INSERT INTO `t_detail_trans_part` VALUES (7, 6, 5, 2, 12000);
INSERT INTO `t_detail_trans_part` VALUES (8, 7, 1, 1, 1200000);

-- ----------------------------
-- Table structure for t_detail_trans_service
-- ----------------------------
DROP TABLE IF EXISTS `t_detail_trans_service`;
CREATE TABLE `t_detail_trans_service`  (
  `id_detail_trans_service` int(11) NOT NULL AUTO_INCREMENT,
  `id_trans_service` int(11) NOT NULL,
  `id_part` int(11) NULL DEFAULT NULL,
  `id_jasa` int(11) NULL DEFAULT NULL,
  `qty` int(11) NOT NULL,
  `harga` int(11) NOT NULL,
  PRIMARY KEY (`id_detail_trans_service`) USING BTREE,
  INDEX `fkdts1`(`id_trans_service`) USING BTREE,
  INDEX `fkdts2`(`id_jasa`) USING BTREE,
  INDEX `fkdts3`(`id_part`) USING BTREE,
  CONSTRAINT `fkdts1` FOREIGN KEY (`id_trans_service`) REFERENCES `t_trans_service` (`id_trans_service`) ON DELETE RESTRICT ON UPDATE RESTRICT,
  CONSTRAINT `fkdts2` FOREIGN KEY (`id_jasa`) REFERENCES `t_jasa` (`id_jasa`) ON DELETE RESTRICT ON UPDATE RESTRICT,
  CONSTRAINT `fkdts3` FOREIGN KEY (`id_part`) REFERENCES `t_part` (`id_part`) ON DELETE RESTRICT ON UPDATE RESTRICT
) ENGINE = InnoDB AUTO_INCREMENT = 10 CHARACTER SET = latin1 COLLATE = latin1_swedish_ci ROW_FORMAT = Compact;

-- ----------------------------
-- Records of t_detail_trans_service
-- ----------------------------
INSERT INTO `t_detail_trans_service` VALUES (1, 1, NULL, 1, 1, 70000);
INSERT INTO `t_detail_trans_service` VALUES (2, 2, NULL, 2, 1, 899000);
INSERT INTO `t_detail_trans_service` VALUES (3, 3, NULL, 3, 1, 1500000);
INSERT INTO `t_detail_trans_service` VALUES (4, 4, NULL, 4, 1, 900000);
INSERT INTO `t_detail_trans_service` VALUES (5, 5, NULL, 5, 1, 5000000);
INSERT INTO `t_detail_trans_service` VALUES (6, 6, NULL, 1, 1, 70000);
INSERT INTO `t_detail_trans_service` VALUES (7, 6, 2, NULL, 2, 166000);
INSERT INTO `t_detail_trans_service` VALUES (8, 7, 2, NULL, 1, 83000);
INSERT INTO `t_detail_trans_service` VALUES (9, 7, NULL, 1, 1, 70000);

-- ----------------------------
-- Table structure for t_jasa
-- ----------------------------
DROP TABLE IF EXISTS `t_jasa`;
CREATE TABLE `t_jasa`  (
  `id_jasa` int(11) NOT NULL AUTO_INCREMENT,
  `no_jasa` varchar(255) CHARACTER SET latin1 COLLATE latin1_swedish_ci NOT NULL,
  `nama_jasa` varchar(50) CHARACTER SET latin1 COLLATE latin1_swedish_ci NOT NULL,
  `harga_jasa` int(11) NOT NULL,
  PRIMARY KEY (`id_jasa`) USING BTREE
) ENGINE = InnoDB AUTO_INCREMENT = 7 CHARACTER SET = latin1 COLLATE = latin1_swedish_ci ROW_FORMAT = Compact;

-- ----------------------------
-- Records of t_jasa
-- ----------------------------
INSERT INTO `t_jasa` VALUES (1, 'JS0001', 'Service A', 70000);
INSERT INTO `t_jasa` VALUES (2, 'JS0002', 'Service B', 899000);
INSERT INTO `t_jasa` VALUES (3, 'JS0003', 'Service C', 1500000);
INSERT INTO `t_jasa` VALUES (4, 'JS0004', 'Service D', 900000);
INSERT INTO `t_jasa` VALUES (5, 'JS0005', 'Service E', 5000000);
INSERT INTO `t_jasa` VALUES (6, 'JS0006', 'Service F', 300000);

-- ----------------------------
-- Table structure for t_mekanik
-- ----------------------------
DROP TABLE IF EXISTS `t_mekanik`;
CREATE TABLE `t_mekanik`  (
  `id_mekanik` int(11) NOT NULL AUTO_INCREMENT,
  `nama_mekanik` varchar(50) CHARACTER SET latin1 COLLATE latin1_swedish_ci NOT NULL,
  `alamat_mekanik` varchar(500) CHARACTER SET latin1 COLLATE latin1_swedish_ci NOT NULL,
  `nomor_telepon` varchar(15) CHARACTER SET latin1 COLLATE latin1_swedish_ci NOT NULL,
  PRIMARY KEY (`id_mekanik`) USING BTREE
) ENGINE = InnoDB AUTO_INCREMENT = 2 CHARACTER SET = latin1 COLLATE = latin1_swedish_ci ROW_FORMAT = Compact;

-- ----------------------------
-- Records of t_mekanik
-- ----------------------------
INSERT INTO `t_mekanik` VALUES (1, 'Budi Budianto', 'Geger Kalong', '085111222123');

-- ----------------------------
-- Table structure for t_part
-- ----------------------------
DROP TABLE IF EXISTS `t_part`;
CREATE TABLE `t_part`  (
  `id_part` int(11) NOT NULL AUTO_INCREMENT,
  `no_part` varchar(20) CHARACTER SET latin1 COLLATE latin1_swedish_ci NOT NULL,
  `nama_part` varchar(50) CHARACTER SET latin1 COLLATE latin1_swedish_ci NOT NULL,
  `stok_part` int(11) NOT NULL,
  `harga_part` int(11) NOT NULL,
  PRIMARY KEY (`id_part`) USING BTREE
) ENGINE = InnoDB AUTO_INCREMENT = 1001 CHARACTER SET = latin1 COLLATE = latin1_swedish_ci ROW_FORMAT = Compact;

-- ----------------------------
-- Records of t_part
-- ----------------------------
INSERT INTO `t_part` VALUES (1, 'SP000001', 'BATTERY CHARGER MF', 18, 1200000);
INSERT INTO `t_part` VALUES (2, 'SP000002', 'HOLDER,NEEDLE JET', 20, 83000);
INSERT INTO `t_part` VALUES (3, 'SP000003', 'PIPE,RR', 20, 1126000);
INSERT INTO `t_part` VALUES (4, 'SP000004', 'SCREW PAN 6X12', 20, 4000);
INSERT INTO `t_part` VALUES (5, 'SP000005', 'STAY RADIATOR LOWER', 20, 6000);
INSERT INTO `t_part` VALUES (6, 'SP000006', 'BOLT ADAPTOR', 20, 12000);
INSERT INTO `t_part` VALUES (7, 'SP000007', '88120KTM000FMB', 20, 45000);
INSERT INTO `t_part` VALUES (8, 'SP000008', 'STRIPE RED L', 20, 100000);
INSERT INTO `t_part` VALUES (9, 'SP000009', 'SPG,DRUM STOPPER', 20, 1500);
INSERT INTO `t_part` VALUES (10, 'SP000010', 'CYLDR.SB.AS.FR.BK.MT', 19, 853500);
INSERT INTO `t_part` VALUES (11, 'SP000011', 'BOLT,STUD CYLN', 20, 24100);
INSERT INTO `t_part` VALUES (12, 'SP000012', 'RING SET (0.25)', 20, 238000);
INSERT INTO `t_part` VALUES (13, 'SP000013', 'HEAD CYLINDER ASSY', 20, 490000);
INSERT INTO `t_part` VALUES (14, 'SP000014', 'MUDGUARD RR', 20, 10000);
INSERT INTO `t_part` VALUES (15, 'SP000015', 'SEAL, GASKET', 20, 1500);
INSERT INTO `t_part` VALUES (16, 'SP000016', 'BOLT FLANGE 8X28', 20, 12000);
INSERT INTO `t_part` VALUES (17, 'SP000017', 'SWITCH,LIGHT', 20, 1005000);
INSERT INTO `t_part` VALUES (18, 'SP000018', 'SOCKET HEADLIGHT ASSY', 20, 48000);
INSERT INTO `t_part` VALUES (19, 'SP000019', 'HEADLIGHT ASSY', 20, 165000);
INSERT INTO `t_part` VALUES (20, 'SP000020', '53205KPH730FMB', 20, 72300);
INSERT INTO `t_part` VALUES (21, 'SP000021', 'CABLE,FR BRAKE', 20, 18400);
INSERT INTO `t_part` VALUES (22, 'SP000022', 'COVER L RR ASSY', 20, 57500);
INSERT INTO `t_part` VALUES (23, 'SP000023', 'HOLDER,L STEP', 20, 139000);
INSERT INTO `t_part` VALUES (24, 'SP000024', 'SWINGARM RR ASSY', 20, 370000);
INSERT INTO `t_part` VALUES (25, 'SP000025', 'WASHER SCREEN SET', 20, 500);
INSERT INTO `t_part` VALUES (26, 'SP000026', 'TUBE,DRAIN', 20, 9000);
INSERT INTO `t_part` VALUES (27, 'SP000027', 'FRAME BODY COMP(SH SL MT)', 20, 4767000);
INSERT INTO `t_part` VALUES (28, 'SP000028', 'CASE  L FR BOTTOM', 20, 145000);
INSERT INTO `t_part` VALUES (29, 'SP000029', 'CAP L. COVER', 20, 9500);
INSERT INTO `t_part` VALUES (30, 'SP000030', 'PAD SPRING', 20, 32000);
INSERT INTO `t_part` VALUES (31, 'SP000031', 'CAP,RR GRIP', 20, 800);
INSERT INTO `t_part` VALUES (32, 'SP000032', 'FLNG.CM.FINAL', 20, 415000);
INSERT INTO `t_part` VALUES (33, 'SP000033', 'COVER UNDER R SD(BLK)', 20, 117000);
INSERT INTO `t_part` VALUES (34, 'SP000034', 'HORN COMP,R', 20, 600000);
INSERT INTO `t_part` VALUES (35, 'SP000035', 'FENDER A FR(IL SV MT)', 20, 124000);
INSERT INTO `t_part` VALUES (36, 'SP000036', 'T SHIRT BEAT BIRU HIJAU', 20, 40000);
INSERT INTO `t_part` VALUES (37, 'SP000037', 'BAJU PEML WNT A (L)', 20, 150000);
INSERT INTO `t_part` VALUES (38, 'SP000038', 'OFFSET WR', 20, 3800);
INSERT INTO `t_part` VALUES (39, 'SP000039', 'PISTON KIT (0.25)', 20, 130000);
INSERT INTO `t_part` VALUES (40, 'SP000040', 'SCREW,TAPPING,5X8', 20, 4000);
INSERT INTO `t_part` VALUES (41, 'SP000041', 'BOSS,DRIVE FACE', 20, 25000);
INSERT INTO `t_part` VALUES (42, 'SP000042', 'BAR COMP STEP', 20, 80000);
INSERT INTO `t_part` VALUES (43, 'SP000043', 'FENDER FR(WITHOUT PNT)', 20, 113000);
INSERT INTO `t_part` VALUES (44, 'SP000044', 'HOSE WATER ASSY', 20, 26000);
INSERT INTO `t_part` VALUES (45, 'SP000045', '1136AKWB920', 20, 15200);
INSERT INTO `t_part` VALUES (46, 'SP000046', 'CHAIN,DRIVE (RK)', 20, 1004100);
INSERT INTO `t_part` VALUES (47, 'SP000047', '28110KGH910', 20, 90500);
INSERT INTO `t_part` VALUES (48, 'SP000048', 'COVER L BODY(CN SC RD)', 20, 249000);
INSERT INTO `t_part` VALUES (49, 'SP000049', '34901KFVB51', 20, 13000);
INSERT INTO `t_part` VALUES (50, 'SP000050', 'COVER R BODY(WITHOUT PNT)', 20, 68000);
INSERT INTO `t_part` VALUES (51, 'SP000051', '22630GB2001', 20, 130800);
INSERT INTO `t_part` VALUES (52, 'SP000052', 'STAY COMP,IGN.COIL', 20, 20000);
INSERT INTO `t_part` VALUES (53, 'SP000053', 'PIN CRANK', 20, 172900);
INSERT INTO `t_part` VALUES (54, 'SP000054', 'COVER  FR TOP (DL BL MT)', 20, 74000);
INSERT INTO `t_part` VALUES (55, 'SP000055', 'FUEL UNIT', 20, 453000);
INSERT INTO `t_part` VALUES (56, 'SP000056', 'BASE COMP', 20, 75000);
INSERT INTO `t_part` VALUES (57, 'SP000057', 'MOTOR ASSY,FAN', 20, 534000);
INSERT INTO `t_part` VALUES (58, 'SP000058', 'PLATE COMP,SHIFT DRM STOP', 20, 71900);
INSERT INTO `t_part` VALUES (59, 'SP000059', 'COVER SEAT', 20, 72000);
INSERT INTO `t_part` VALUES (60, 'SP000060', 'SHIELD,R LEG(STR SL MET)', 20, 173000);
INSERT INTO `t_part` VALUES (61, 'SP000061', 'COWL UNDER(CN SC RD)', 20, 109000);
INSERT INTO `t_part` VALUES (62, 'SP000062', 'BOLT,FLANGE 6X24', 20, 20000);
INSERT INTO `t_part` VALUES (63, 'SP000063', 'HOUSING UN.THROTTLE', 20, 35100);
INSERT INTO `t_part` VALUES (64, 'SP000064', '90485040001', 20, 10200);
INSERT INTO `t_part` VALUES (65, 'SP000065', '37750KPH701', 20, 62000);
INSERT INTO `t_part` VALUES (66, 'SP000066', 'RECEIVER,CLUTCH', 20, 25900);
INSERT INTO `t_part` VALUES (67, 'SP000067', '13105KWN903', 20, 203000);
INSERT INTO `t_part` VALUES (68, 'SP000068', 'COVER,L SIDE', 20, 295000);
INSERT INTO `t_part` VALUES (69, 'SP000069', 'GASKET KIT A', 20, 50000);
INSERT INTO `t_part` VALUES (70, 'SP000070', 'COWL,L SIDE INNER', 20, 14000);
INSERT INTO `t_part` VALUES (71, 'SP000071', 'WEIGHT A STRG HDL', 20, 14000);
INSERT INTO `t_part` VALUES (72, 'SP000072', 'SEAT,DOUBLE', 20, 442900);
INSERT INTO `t_part` VALUES (73, 'SP000073', 'COVER R M/P(PRL BRL ORG)', 20, 185000);
INSERT INTO `t_part` VALUES (74, 'SP000074', 'MUFF,PROTEC(SP BL MT)', 20, 30000);
INSERT INTO `t_part` VALUES (75, 'SP000075', 'PACKING,PROTECTOR', 20, 17000);
INSERT INTO `t_part` VALUES (76, 'SP000076', 'PLATE COMP DRIVE', 20, 128500);
INSERT INTO `t_part` VALUES (77, 'SP000077', 'TOOL SET', 20, 72000);
INSERT INTO `t_part` VALUES (78, 'SP000078', 'SET ILLUST,REAR COV T-1', 20, 92300);
INSERT INTO `t_part` VALUES (79, 'SP000079', 'WASHER,TONGUED', 20, 32000);
INSERT INTO `t_part` VALUES (80, 'SP000080', 'HORN COMP', 20, 40000);
INSERT INTO `t_part` VALUES (81, 'SP000081', 'COVER L BODY(CN SC MT)', 20, 227000);
INSERT INTO `t_part` VALUES (82, 'SP000082', 'CASE R FR BOTTOM', 20, 140000);
INSERT INTO `t_part` VALUES (83, 'SP000083', 'SWING ARM SET', 20, 754200);
INSERT INTO `t_part` VALUES (84, 'SP000084', '871X0KEV640ZD', 20, 185000);
INSERT INTO `t_part` VALUES (85, 'SP000085', 'TIRE, FR (2.50-18 SU261)', 20, 143000);
INSERT INTO `t_part` VALUES (86, 'SP000086', 'STRIPE SILVER BLACK L & R', 20, 215000);
INSERT INTO `t_part` VALUES (87, 'SP000087', 'BOLT,FLANGE 6X16', 20, 7000);
INSERT INTO `t_part` VALUES (88, 'SP000088', 'THROTTLE BODY ASSY', 20, 421500);
INSERT INTO `t_part` VALUES (89, 'SP000089', 'FENDER FR(PL FD WH)', 20, 183000);
INSERT INTO `t_part` VALUES (90, 'SP000090', 'WEIGHT ASS STRHDL(Y)', 20, 18300);
INSERT INTO `t_part` VALUES (91, 'SP000091', 'PLATE 200 X 200 X 20', 20, 742500);
INSERT INTO `t_part` VALUES (92, 'SP000092', 'SPRING, STOP SWITCH', 20, 1000);
INSERT INTO `t_part` VALUES (93, 'SP000093', 'STRIPE BLACK BLUE  L & R', 20, 62000);
INSERT INTO `t_part` VALUES (94, 'SP000094', 'PISTON  (0.75)', 20, 39100);
INSERT INTO `t_part` VALUES (95, 'SP000095', 'JET,SLOW 38', 20, 76000);
INSERT INTO `t_part` VALUES (96, 'SP000096', 'DISK CLUTCH FRICTION', 20, 53000);
INSERT INTO `t_part` VALUES (97, 'SP000097', 'CIRCLIP, INTERNAL, 40MM', 20, 10000);
INSERT INTO `t_part` VALUES (98, 'SP000098', 'MUFFLER ASSY EXH', 20, 245000);
INSERT INTO `t_part` VALUES (99, 'SP000099', 'EMBLEM SET HONDA', 20, 82000);
INSERT INTO `t_part` VALUES (100, 'SP000100', 'RR GRIP ACCESORIES', 20, 98000);
INSERT INTO `t_part` VALUES (101, 'SP000101', 'BATTERY GTZ5S GS', 20, 224000);
INSERT INTO `t_part` VALUES (102, 'SP000102', '15100-KG2-010', 20, 718100);
INSERT INTO `t_part` VALUES (103, 'SP000103', 'PISTON  (0.50)', 20, 50000);
INSERT INTO `t_part` VALUES (104, 'SP000104', 'BOLT,FLANGE 6X16', 20, 5000);
INSERT INTO `t_part` VALUES (105, 'SP000105', 'OILSL,12X18X5', 20, 36000);
INSERT INTO `t_part` VALUES (106, 'SP000106', 'RUBBER,HORN', 20, 7000);
INSERT INTO `t_part` VALUES (107, 'SP000107', 'CASE BATTERY', 20, 50000);
INSERT INTO `t_part` VALUES (108, 'SP000108', 'KEY SEAT LOCK', 20, 55000);
INSERT INTO `t_part` VALUES (109, 'SP000109', 'WASHER SEALING', 20, 14200);
INSERT INTO `t_part` VALUES (110, 'SP000110', 'SPROCKET CAM', 20, 15000);
INSERT INTO `t_part` VALUES (111, 'SP000111', 'CHAMBER SET, FLOAT', 20, 535000);
INSERT INTO `t_part` VALUES (112, 'SP000112', 'MOTOR ASSY START', 20, 330000);
INSERT INTO `t_part` VALUES (113, 'SP000113', 'HORN COMP (LOW)', 20, 38000);
INSERT INTO `t_part` VALUES (114, 'SP000114', 'SWINGARM SUB ASSY,RR', 20, 1535000);
INSERT INTO `t_part` VALUES (115, 'SP000115', 'WINKER ASSY', 20, 31000);
INSERT INTO `t_part` VALUES (116, 'SP000116', 'KEY SET', 20, 1902800);
INSERT INTO `t_part` VALUES (117, 'SP000117', 'FENDER FR(PL FD WH)', 20, 142000);
INSERT INTO `t_part` VALUES (118, 'SP000118', 'PUMP ASSY,OIL', 20, 870000);
INSERT INTO `t_part` VALUES (119, 'SP000119', 'AC GENERATOR ASSY', 20, 416500);
INSERT INTO `t_part` VALUES (120, 'SP000120', 'BALANCER,WHEEL', 20, 34500);
INSERT INTO `t_part` VALUES (121, 'SP000121', 'STAY SET FR TOP COVER', 20, 34500);
INSERT INTO `t_part` VALUES (122, 'SP000122', 'MUFFLER ASSY EXH', 20, 1430000);
INSERT INTO `t_part` VALUES (123, 'SP000123', 'STRIPE BLACK RED L & R', 20, 185000);
INSERT INTO `t_part` VALUES (124, 'SP000124', 'SHROUD,R.RADIATORR263', 20, 236100);
INSERT INTO `t_part` VALUES (125, 'SP000125', 'CABLE COMP B,THRO', 20, 38000);
INSERT INTO `t_part` VALUES (126, 'SP000126', 'BOX ASSY LUGGAGE', 20, 70500);
INSERT INTO `t_part` VALUES (127, 'SP000127', 'ST ILL CVR RR PR HIM WH', 20, 176000);
INSERT INTO `t_part` VALUES (128, 'SP000128', 'COVER R BODY(NI OR)', 20, 187000);
INSERT INTO `t_part` VALUES (129, 'SP000129', 'RING SET (0.25)', 20, 337000);
INSERT INTO `t_part` VALUES (130, 'SP000130', 'OUTER COMP CLUTCH', 20, 200000);
INSERT INTO `t_part` VALUES (131, 'SP000131', 'SWINGARM ASSY REAR SET', 20, 500000);
INSERT INTO `t_part` VALUES (132, 'SP000132', 'LIGHT ASSY HEAD', 20, 170000);
INSERT INTO `t_part` VALUES (133, 'SP000133', 'CABLE COMP A THROT', 20, 25000);
INSERT INTO `t_part` VALUES (134, 'SP000134', 'ARM,FRONT BRAKE', 20, 73900);
INSERT INTO `t_part` VALUES (135, 'SP000135', 'SHIM,TAPPET (1.700)', 20, 50000);
INSERT INTO `t_part` VALUES (136, 'SP000136', 'CABLE COMP B THROT', 20, 23000);
INSERT INTO `t_part` VALUES (137, 'SP000137', 'OIL PUMP ASSY', 20, 36500);
INSERT INTO `t_part` VALUES (138, 'SP000138', 'FENDER FR(PL TW BL)', 20, 275000);
INSERT INTO `t_part` VALUES (139, 'SP000139', 'SHIELD R LEG(SH PRL BLUE)', 20, 173000);
INSERT INTO `t_part` VALUES (140, 'SP000140', 'COVER,RUBBER', 20, 19000);
INSERT INTO `t_part` VALUES (141, 'SP000141', 'CORD COMP.,L FR.W', 20, 43000);
INSERT INTO `t_part` VALUES (142, 'SP000142', 'CASE L FR BOTTOM', 20, 142000);
INSERT INTO `t_part` VALUES (143, 'SP000143', 'RING SET (STD)', 20, 281000);
INSERT INTO `t_part` VALUES (144, 'SP000144', 'SHIELD R LEG(PRL FD WH)', 20, 167000);
INSERT INTO `t_part` VALUES (145, 'SP000145', '16100KEG900', 20, 1330980);
INSERT INTO `t_part` VALUES (146, 'SP000146', 'OIL SEAL,12X18X4', 20, 33500);
INSERT INTO `t_part` VALUES (147, 'SP000147', 'CYLINDER COMP', 20, 325000);
INSERT INTO `t_part` VALUES (148, 'SP000148', 'BOLT,FLANGE 8X95', 20, 16000);
INSERT INTO `t_part` VALUES (149, 'SP000149', 'STRIPE BLUE BLACK L', 20, 65000);
INSERT INTO `t_part` VALUES (150, 'SP000150', 'RUBBER MUFFLER MOUNT', 20, 1000);
INSERT INTO `t_part` VALUES (151, 'SP000151', 'BUSH,RUBBER', 20, 3900);
INSERT INTO `t_part` VALUES (152, 'SP000152', 'BRKT,FR MAIN', 20, 48000);
INSERT INTO `t_part` VALUES (153, 'SP000153', 'CUSHION ASSY RR', 20, 189000);
INSERT INTO `t_part` VALUES (154, 'SP000154', '91252030003', 20, 10500);
INSERT INTO `t_part` VALUES (155, 'SP000155', 'THROTTLE BODY ASSY', 20, 889000);
INSERT INTO `t_part` VALUES (156, 'SP000156', 'FORK ASSY R FR', 20, 308000);
INSERT INTO `t_part` VALUES (157, 'SP000157', 'GARNISH L HDL(WN RD)', 20, 14000);
INSERT INTO `t_part` VALUES (158, 'SP000158', 'SEAT COMP DOUBLE', 20, 175000);
INSERT INTO `t_part` VALUES (159, 'SP000159', 'STRIPE GREY SILVER L', 20, 120000);
INSERT INTO `t_part` VALUES (160, 'SP000160', 'CASE,BATTERY', 20, 14000);
INSERT INTO `t_part` VALUES (161, 'SP000161', 'RUBBER, MOUNTING', 20, 66500);
INSERT INTO `t_part` VALUES (162, 'SP000162', 'GEAR,M SHAFT 5TH', 20, 420000);
INSERT INTO `t_part` VALUES (163, 'SP000163', 'COVER FR TOP (CRBLU)', 20, 91000);
INSERT INTO `t_part` VALUES (164, 'SP000164', 'RING SET (0.75)', 20, 368000);
INSERT INTO `t_part` VALUES (165, 'SP000165', 'COVER SPDMTR(PL FD WH)R', 20, 42000);
INSERT INTO `t_part` VALUES (166, 'SP000166', 'COVER HDL TOP(DG SL MT)', 20, 82000);
INSERT INTO `t_part` VALUES (167, 'SP000167', 'WASHER 18.2X45X1.0', 20, 18000);
INSERT INTO `t_part` VALUES (168, 'SP000168', 'RUBBER,MOUNTING', 20, 22000);
INSERT INTO `t_part` VALUES (169, 'SP000169', 'PISTON  (0.50)', 20, 39100);
INSERT INTO `t_part` VALUES (170, 'SP000170', 'PLATE SKID', 20, 17500);
INSERT INTO `t_part` VALUES (171, 'SP000171', 'BOLT FLANGE 6X20', 20, 4000);
INSERT INTO `t_part` VALUES (172, 'SP000172', 'CONTACT,NEUTRAL', 20, 55000);
INSERT INTO `t_part` VALUES (173, 'SP000173', 'WHEEL SET, RR.BLACK', 20, 2587000);
INSERT INTO `t_part` VALUES (174, 'SP000174', '32411253000', 20, 8500);
INSERT INTO `t_part` VALUES (175, 'SP000175', 'HOSE,RR M/C', 20, 28000);
INSERT INTO `t_part` VALUES (176, 'SP000176', 'PLATE BEARING HOLD', 20, 8500);
INSERT INTO `t_part` VALUES (177, 'SP000177', 'STAY FR.FENDER', 20, 30500);
INSERT INTO `t_part` VALUES (178, 'SP000178', 'CLAMPER,F/FEED', 20, 11000);
INSERT INTO `t_part` VALUES (179, 'SP000179', 'WASHER 14 MM', 20, 29000);
INSERT INTO `t_part` VALUES (180, 'SP000180', 'BAR COMP,SIDE STAND', 20, 83000);
INSERT INTO `t_part` VALUES (181, 'SP000181', 'COVER SEAT /1', 20, 90000);
INSERT INTO `t_part` VALUES (182, 'SP000182', 'SPRING,FR FORK', 20, 56000);
INSERT INTO `t_part` VALUES (183, 'SP000183', 'PAD B', 20, 278500);
INSERT INTO `t_part` VALUES (184, 'SP000184', 'DUST SEAL FR FORK', 20, 19500);
INSERT INTO `t_part` VALUES (185, 'SP000185', 'STR.B,R.LOW.CWL.T2', 20, 120000);
INSERT INTO `t_part` VALUES (186, 'SP000186', 'STRIPE POWDER BLACK L & R', 20, 245000);
INSERT INTO `t_part` VALUES (187, 'SP000187', 'FENDER RR ASSY(A)', 20, 94000);
INSERT INTO `t_part` VALUES (188, 'SP000188', 'ARM RR BRK STPR', 20, 15500);
INSERT INTO `t_part` VALUES (189, 'SP000189', 'O RING 13.8 X 2.5', 20, 1000);
INSERT INTO `t_part` VALUES (190, 'SP000190', 'COIL,IGNITION', 20, 576400);
INSERT INTO `t_part` VALUES (191, 'SP000191', 'COVER INNER(TI BE MT)', 20, 525000);
INSERT INTO `t_part` VALUES (192, 'SP000192', 'COVER L BODY(WITHOUT PNT)', 20, 106000);
INSERT INTO `t_part` VALUES (193, 'SP000193', 'COVER COMP,CYLINDER HEAD', 20, 168000);
INSERT INTO `t_part` VALUES (194, 'SP000194', 'COVER R BODY(BLK)', 20, 275000);
INSERT INTO `t_part` VALUES (195, 'SP000195', 'COVER R BODY(CN SC RD)', 20, 269000);
INSERT INTO `t_part` VALUES (196, 'SP000196', 'COVER ASSY HDL RR', 20, 23000);
INSERT INTO `t_part` VALUES (197, 'SP000197', 'SUB HARNESS SPEEDOMETER', 20, 178500);
INSERT INTO `t_part` VALUES (198, 'SP000198', 'CAST,FR WH(MAT AXGRY-A)', 20, 657000);
INSERT INTO `t_part` VALUES (199, 'SP000199', 'STRIPE RED BLACK R', 20, 110000);
INSERT INTO `t_part` VALUES (200, 'SP000200', 'CUSHION,SIDE COVR', 20, 1000);
INSERT INTO `t_part` VALUES (201, 'SP000201', 'STRIPE SILVER BLACK L & R', 20, 175000);
INSERT INTO `t_part` VALUES (202, 'SP000202', 'COVER,FR(PRL FD WHT)', 20, 105000);
INSERT INTO `t_part` VALUES (203, 'SP000203', 'PISTON  (0.50)', 20, 62000);
INSERT INTO `t_part` VALUES (204, 'SP000204', 'SOCKET COMP HEADLIGHT', 20, 18000);
INSERT INTO `t_part` VALUES (205, 'SP000205', 'HOSE,WATER', 20, 42000);
INSERT INTO `t_part` VALUES (206, 'SP000206', 'BRACKET,L BRAKE LEVER', 20, 198000);
INSERT INTO `t_part` VALUES (207, 'SP000207', 'SLIDER, CHAIN', 20, 39000);
INSERT INTO `t_part` VALUES (208, 'SP000208', 'CASE COMP THERMOSTAT', 20, 30000);
INSERT INTO `t_part` VALUES (209, 'SP000209', 'M.TONE MIRROR POLISH', 20, 415000);
INSERT INTO `t_part` VALUES (210, 'SP000210', 'ELEMENT ASV A/C', 20, 3500);
INSERT INTO `t_part` VALUES (211, 'SP000211', 'Mr. HGP Shirt, MEDIUM', 20, 111000);
INSERT INTO `t_part` VALUES (212, 'SP000212', 'SPEEDOMETER ASSY', 20, 452000);
INSERT INTO `t_part` VALUES (213, 'SP000213', 'PISTON  (1.00)', 20, 138500);
INSERT INTO `t_part` VALUES (214, 'SP000214', 'COWL L FR SD(VO SL MT)', 20, 49000);
INSERT INTO `t_part` VALUES (215, 'SP000215', 'SLIDER CHAIN', 20, 14000);
INSERT INTO `t_part` VALUES (216, 'SP000216', 'CLIP,WIRE HARNESS', 20, 2500);
INSERT INTO `t_part` VALUES (217, 'SP000217', 'MIRROR ASSY L BACK', 20, 26000);
INSERT INTO `t_part` VALUES (218, 'SP000218', 'NUT HEX 8MM', 20, 3500);
INSERT INTO `t_part` VALUES (219, 'SP000219', 'CASE,AIR CLN HALF', 20, 12700);
INSERT INTO `t_part` VALUES (220, 'SP000220', 'HARNESS,INSPECTION', 20, 418000);
INSERT INTO `t_part` VALUES (221, 'SP000221', 'PLATE,DIAPHRAGM', 20, 12000);
INSERT INTO `t_part` VALUES (222, 'SP000222', 'SHIELD L LEG(BLK)', 20, 141000);
INSERT INTO `t_part` VALUES (223, 'SP000223', 'GROMMET HEADLIGHT', 20, 500);
INSERT INTO `t_part` VALUES (224, 'SP000224', 'MARK, L. FUEL TANK TYPE2', 20, 13400);
INSERT INTO `t_part` VALUES (225, 'SP000225', 'STRIPE ARCTIC WHITE L & R', 20, 195000);
INSERT INTO `t_part` VALUES (226, 'SP000226', 'BOLT SPECIAL,6X16', 20, 4000);
INSERT INTO `t_part` VALUES (227, 'SP000227', '24630KPH901', 20, 174800);
INSERT INTO `t_part` VALUES (228, 'SP000228', 'FENDER FR.(VD BL MT)', 20, 181000);
INSERT INTO `t_part` VALUES (229, 'SP000229', '2430AKFM900', 20, 181100);
INSERT INTO `t_part` VALUES (230, 'SP000230', 'BASE COMP., RR.', 20, 50200);
INSERT INTO `t_part` VALUES (231, 'SP000231', 'PLATE CLUTCH SIDE', 20, 28000);
INSERT INTO `t_part` VALUES (232, 'SP000232', 'SWITCH ASSY RR STOP', 20, 54000);
INSERT INTO `t_part` VALUES (233, 'SP000233', 'FRAME BODY', 20, 1070000);
INSERT INTO `t_part` VALUES (234, 'SP000234', '90701KFM900', 20, 1000);
INSERT INTO `t_part` VALUES (235, 'SP000235', 'BOLT STUD 8X40', 20, 1500);
INSERT INTO `t_part` VALUES (236, 'SP000236', 'FENDER A FR(WITHOUT PNT)', 20, 60000);
INSERT INTO `t_part` VALUES (237, 'SP000237', 'Green Blink', 20, 175000);
INSERT INTO `t_part` VALUES (238, 'SP000238', 'SPRING FR FORK', 20, 14000);
INSERT INTO `t_part` VALUES (239, 'SP000239', 'BEARING BALL 6302RS', 20, 20000);
INSERT INTO `t_part` VALUES (240, 'SP000240', 'BOLT.HEX,CAP 8X8', 20, 3500);
INSERT INTO `t_part` VALUES (241, 'SP000241', 'BASE COMP TAILLIGHT', 20, 95000);
INSERT INTO `t_part` VALUES (242, 'SP000242', 'LEVER COMP.,CLUTC', 20, 217000);
INSERT INTO `t_part` VALUES (243, 'SP000243', 'BOX ASSY LUGGAGE', 20, 68500);
INSERT INTO `t_part` VALUES (244, 'SP000244', 'STRIPE LASER RED R', 20, 130000);
INSERT INTO `t_part` VALUES (245, 'SP000245', 'Sunset Orange (U/C)', 20, 250000);
INSERT INTO `t_part` VALUES (246, 'SP000246', 'REMOVER,SHAFT,BRG.', 20, 76000);
INSERT INTO `t_part` VALUES (247, 'SP000247', 'PIPE,R STRG HANDL', 20, 327200);
INSERT INTO `t_part` VALUES (248, 'SP000248', 'BOOT HEADLIGHT', 20, 2000);
INSERT INTO `t_part` VALUES (249, 'SP000249', 'COVER COMP L RR', 20, 43000);
INSERT INTO `t_part` VALUES (250, 'SP000250', 'SPRING,VALVE IN', 20, 28000);
INSERT INTO `t_part` VALUES (251, 'SP000251', 'COVER FR(WITHOUT PNT)', 20, 87000);
INSERT INTO `t_part` VALUES (252, 'SP000252', 'UNIT COMP PGM-FI/IGN', 20, 690000);
INSERT INTO `t_part` VALUES (253, 'SP000253', 'BOLT FLANGE 6X30', 20, 1000);
INSERT INTO `t_part` VALUES (254, 'SP000254', 'SCREW TAPPING 5X25', 20, 1000);
INSERT INTO `t_part` VALUES (255, 'SP000255', 'STRIPE BLACK YELLOW L & R', 20, 190000);
INSERT INTO `t_part` VALUES (256, 'SP000256', 'PIPE COMP STRG HANDLE', 20, 127000);
INSERT INTO `t_part` VALUES (257, 'SP000257', 'SPRING BRAKE ROD', 20, 1000);
INSERT INTO `t_part` VALUES (258, 'SP000258', 'M.TONE RED BROWN', 20, 210000);
INSERT INTO `t_part` VALUES (259, 'SP000259', 'ARM SET,PUMP', 20, 465000);
INSERT INTO `t_part` VALUES (260, 'SP000260', 'PEDAL COMP., BRAKE', 20, 82700);
INSERT INTO `t_part` VALUES (261, 'SP000261', 'SHAFT GEAR SHIFT FORK', 20, 32000);
INSERT INTO `t_part` VALUES (262, 'SP000262', 'FUEL TANK', 20, 291000);
INSERT INTO `t_part` VALUES (263, 'SP000263', 'ELEMENT COMP., AIR CLEANER', 20, 45000);
INSERT INTO `t_part` VALUES (264, 'SP000264', 'LENS L.FR.WINKER', 20, 55000);
INSERT INTO `t_part` VALUES (265, 'SP000265', 'CAP MIRROR STAY', 20, 1500);
INSERT INTO `t_part` VALUES (266, 'SP000266', 'CASE,FUSE', 20, 205000);
INSERT INTO `t_part` VALUES (267, 'SP000267', 'PISTON (0.50)', 20, 443000);
INSERT INTO `t_part` VALUES (268, 'SP000268', 'BRAKE SHOE (NA)', 20, 58500);
INSERT INTO `t_part` VALUES (269, 'SP000269', 'SENSOR ASSY,BANK ANGLE', 20, 83000);
INSERT INTO `t_part` VALUES (270, 'SP000270', 'ARM COMP, CAM CHN TNS', 20, 32000);
INSERT INTO `t_part` VALUES (271, 'SP000271', 'O-RING,8X1.7', 20, 17000);
INSERT INTO `t_part` VALUES (272, 'SP000272', 'VALVE,THROTTLE', 20, 465000);
INSERT INTO `t_part` VALUES (273, 'SP000273', 'FILTER SET', 20, 183000);
INSERT INTO `t_part` VALUES (274, 'SP000274', 'BRACKET FR CALIPR', 20, 149000);
INSERT INTO `t_part` VALUES (275, 'SP000275', 'RUBBER STEP', 20, 11000);
INSERT INTO `t_part` VALUES (276, 'SP000276', 'BOLT SWINGARM PIVOT', 20, 22500);
INSERT INTO `t_part` VALUES (277, 'SP000277', 'COWL RR L', 20, 20000);
INSERT INTO `t_part` VALUES (278, 'SP000278', '91101GB2001', 20, 11200);
INSERT INTO `t_part` VALUES (279, 'SP000279', 'FUSE 15A', 20, 1000);
INSERT INTO `t_part` VALUES (280, 'SP000280', 'PLATE FRAME', 20, 28000);
INSERT INTO `t_part` VALUES (281, 'SP000281', 'BOLTBREAK OFF', 20, 16000);
INSERT INTO `t_part` VALUES (282, 'SP000282', 'RIM,RR.WHEEL', 20, 208400);
INSERT INTO `t_part` VALUES (283, 'SP000283', '14546KPP901', 20, 13000);
INSERT INTO `t_part` VALUES (284, 'SP000284', 'CAP ACG', 20, 10000);
INSERT INTO `t_part` VALUES (285, 'SP000285', 'WASHER,PLAIN 8MM', 20, 2700);
INSERT INTO `t_part` VALUES (286, 'SP000286', 'RING,PISTON', 20, 35000);
INSERT INTO `t_part` VALUES (287, 'SP000287', 'KEY SEAT LOCK', 20, 375000);
INSERT INTO `t_part` VALUES (288, 'SP000288', 'SW.ASSY START', 20, 397000);
INSERT INTO `t_part` VALUES (289, 'SP000289', 'COVER CENTER', 20, 15000);
INSERT INTO `t_part` VALUES (290, 'SP000290', 'SCREW TAPPING 5X12', 20, 1000);
INSERT INTO `t_part` VALUES (291, 'SP000291', 'WASHER 8.5X26X2.3', 20, 1000);
INSERT INTO `t_part` VALUES (292, 'SP000292', 'BOLT, SOCKET, 4X21', 20, 16000);
INSERT INTO `t_part` VALUES (293, 'SP000293', 'CONTACT ASSY NEUTRAL SW', 20, 64000);
INSERT INTO `t_part` VALUES (294, 'SP000294', 'DISK FR BRAKE', 20, 180000);
INSERT INTO `t_part` VALUES (295, 'SP000295', 'STATOR COMP', 20, 145000);
INSERT INTO `t_part` VALUES (296, 'SP000296', 'BEARING,BALL', 20, 24000);
INSERT INTO `t_part` VALUES (297, 'SP000297', 'GASKET,CYLINDER', 20, 8000);
INSERT INTO `t_part` VALUES (298, 'SP000298', 'RUBBER,P.STEP', 20, 27800);
INSERT INTO `t_part` VALUES (299, 'SP000299', 'BOLT WASHER 6X16', 20, 1000);
INSERT INTO `t_part` VALUES (300, 'SP000300', 'MUFFLER COMP, EXHAUST', 20, 300000);
INSERT INTO `t_part` VALUES (301, 'SP000301', 'COVER SEAT', 20, 60000);
INSERT INTO `t_part` VALUES (302, 'SP000302', '6431AKTM850', 20, 1500);
INSERT INTO `t_part` VALUES (303, 'SP000303', 'FENDER FR (CN SC RD)', 20, 209000);
INSERT INTO `t_part` VALUES (304, 'SP000304', 'SETTING SET(TIGER)', 20, 75000);
INSERT INTO `t_part` VALUES (305, 'SP000305', 'CLAMPER OVER FLOW', 20, 1000);
INSERT INTO `t_part` VALUES (306, 'SP000306', 'COWL RR CNTR (BLK)', 20, 44000);
INSERT INTO `t_part` VALUES (307, 'SP000307', 'CLAMPER B BRK HOSE', 20, 3500);
INSERT INTO `t_part` VALUES (308, 'SP000308', 'SLEEVE, RR. WHEEL', 20, 13000);
INSERT INTO `t_part` VALUES (309, 'SP000309', 'STAY AICV', 20, 7500);
INSERT INTO `t_part` VALUES (310, 'SP000310', 'ROD,CLUTCH LIFTER', 20, 25100);
INSERT INTO `t_part` VALUES (311, 'SP000311', 'LIGHT ASSY RR COMB', 20, 145000);
INSERT INTO `t_part` VALUES (312, 'SP000312', 'COVER R M/P SD(PL FD WH)', 20, 299000);
INSERT INTO `t_part` VALUES (313, 'SP000313', 'SHAFT EX ROCKER ARM', 20, 4000);
INSERT INTO `t_part` VALUES (314, 'SP000314', 'PIN,KNOCK,8X140', 20, 12000);
INSERT INTO `t_part` VALUES (315, 'SP000315', 'CRANK CASE COMP,R', 20, 2670000);
INSERT INTO `t_part` VALUES (316, 'SP000316', 'BEARING,RADIAL', 20, 95000);
INSERT INTO `t_part` VALUES (317, 'SP000317', 'COLLAR FR FENDER', 20, 2000);
INSERT INTO `t_part` VALUES (318, 'SP000318', 'COVER HDL FR(BLK)', 20, 75000);
INSERT INTO `t_part` VALUES (319, 'SP000319', 'Starlight Silver', 20, 1000000);
INSERT INTO `t_part` VALUES (320, 'SP000320', 'GEAR,PRIMARY DRIVEN', 20, 86500);
INSERT INTO `t_part` VALUES (321, 'SP000321', 'COWL L RR(CN PM RD)', 20, 164000);
INSERT INTO `t_part` VALUES (322, 'SP000322', 'SPRING, CLUTCH LEVER', 20, 1500);
INSERT INTO `t_part` VALUES (323, 'SP000323', 'STEM COMP,STRG', 20, 836900);
INSERT INTO `t_part` VALUES (324, 'SP000324', 'TUBE,VINYL 11X1M', 20, 35000);
INSERT INTO `t_part` VALUES (325, 'SP000325', 'VALVE SET', 20, 53500);
INSERT INTO `t_part` VALUES (326, 'SP000326', 'BOLT,FR TOPCOVER', 20, 19000);
INSERT INTO `t_part` VALUES (327, 'SP000327', 'FORK ASSY L FR (SLV)', 20, 283000);
INSERT INTO `t_part` VALUES (328, 'SP000328', 'KIT, CTR CVR GAR WHI', 20, 66000);
INSERT INTO `t_part` VALUES (329, 'SP000329', 'TIRE, RR (140/70-17 T/L)', 20, 620000);
INSERT INTO `t_part` VALUES (330, 'SP000330', 'ARM ASSY IN VALVE ROCKER', 20, 110000);
INSERT INTO `t_part` VALUES (331, 'SP000331', 'NUT,RR AXLE 14MM', 20, 50000);
INSERT INTO `t_part` VALUES (332, 'SP000332', 'PISTON', 20, 208000);
INSERT INTO `t_part` VALUES (333, 'SP000333', 'HARNESS WIRE', 20, 580000);
INSERT INTO `t_part` VALUES (334, 'SP000334', 'TUBE, BREATHER', 20, 20000);
INSERT INTO `t_part` VALUES (335, 'SP000335', 'COVER FR TOP(BK)', 20, 143000);
INSERT INTO `t_part` VALUES (336, 'SP000336', 'SHIM,TAPPET (1.425)', 20, 50000);
INSERT INTO `t_part` VALUES (337, 'SP000337', 'PLT.ASSY REFCT.', 20, 175000);
INSERT INTO `t_part` VALUES (338, 'SP000338', 'ARM AS.KICK S.', 20, 777100);
INSERT INTO `t_part` VALUES (339, 'SP000339', 'MARK CBR250R', 20, 13000);
INSERT INTO `t_part` VALUES (340, 'SP000340', 'MARK HECS.', 20, 2800);
INSERT INTO `t_part` VALUES (341, 'SP000341', 'PANEL,FR BRAKE /5', 20, 257000);
INSERT INTO `t_part` VALUES (342, 'SP000342', 'WASHER SEAT LOCK', 20, 2500);
INSERT INTO `t_part` VALUES (343, 'SP000343', 'REGULATOR REC COMP', 20, 385000);
INSERT INTO `t_part` VALUES (344, 'SP000344', 'COVER RR B(ARED)', 20, 22000);
INSERT INTO `t_part` VALUES (345, 'SP000345', 'PIN MAIN STEP BAR JOINT', 20, 3000);
INSERT INTO `t_part` VALUES (346, 'SP000346', '1860AKEH600', 20, 10500);
INSERT INTO `t_part` VALUES (347, 'SP000347', 'SEAL, INNER COVER', 20, 12000);
INSERT INTO `t_part` VALUES (348, 'SP000348', 'COVER L BODY (MA AX GY)', 20, 157000);
INSERT INTO `t_part` VALUES (349, 'SP000349', 'BOLT,FL SH 6X22.3', 20, 4500);
INSERT INTO `t_part` VALUES (350, 'SP000350', 'GEAR,M-3/M-4', 20, 637000);
INSERT INTO `t_part` VALUES (351, 'SP000351', 'NUT,SPEED 3MM', 20, 13500);
INSERT INTO `t_part` VALUES (352, 'SP000352', 'NUT,FLANGE 10MM', 20, 7400);
INSERT INTO `t_part` VALUES (353, 'SP000353', '*BIT LONG NO 2', 20, 1100);
INSERT INTO `t_part` VALUES (354, 'SP000354', 'COVER L BODY (BLK)', 20, 219000);
INSERT INTO `t_part` VALUES (355, 'SP000355', '9500202071', 20, 2900);
INSERT INTO `t_part` VALUES (356, 'SP000356', 'COVER,BACK REST', 20, 29000);
INSERT INTO `t_part` VALUES (357, 'SP000357', 'STRIPE SILVER BLUE L', 20, 110000);
INSERT INTO `t_part` VALUES (358, 'SP000358', 'SET ILLUST,R RDTR SHR.T-2', 20, 249900);
INSERT INTO `t_part` VALUES (359, 'SP000359', 'GEAR COMP,START', 20, 449000);
INSERT INTO `t_part` VALUES (360, 'SP000360', 'COVER METER B(MT BK)', 20, 67000);
INSERT INTO `t_part` VALUES (361, 'SP000361', 'O2 SENSOR WRENCH', 20, 80000);
INSERT INTO `t_part` VALUES (362, 'SP000362', 'SPACY POLO SHIRT RED W-M', 20, 80000);
INSERT INTO `t_part` VALUES (363, 'SP000363', 'RELAY START ASSY', 20, 40000);
INSERT INTO `t_part` VALUES (364, 'SP000364', 'STRP D, R.LWR COWL LID (3', 20, 19300);
INSERT INTO `t_part` VALUES (365, 'SP000365', 'BODY, OIL PUMP', 20, 40300);
INSERT INTO `t_part` VALUES (366, 'SP000366', 'PLUG BEARING PUSH', 20, 5500);
INSERT INTO `t_part` VALUES (367, 'SP000367', 'SHIELD SET LEG(SLV)', 20, 251000);
INSERT INTO `t_part` VALUES (368, 'SP000368', 'CAST, WHEEL FR (RO WH)', 20, 500000);
INSERT INTO `t_part` VALUES (369, 'SP000369', 'RUBBER A RR FENDER', 20, 2000);
INSERT INTO `t_part` VALUES (370, 'SP000370', 'PLATE SET', 20, 2500);
INSERT INTO `t_part` VALUES (371, 'SP000371', 'WRENCH, PLUG 16', 20, 7500);
INSERT INTO `t_part` VALUES (372, 'SP000372', 'SCREW, PAN, 5X32', 20, 4500);
INSERT INTO `t_part` VALUES (373, 'SP000373', 'FENDER FR(SL BL MT)', 20, 193000);
INSERT INTO `t_part` VALUES (374, 'SP000374', 'SCREW-WASH.,5X14', 20, 1500);
INSERT INTO `t_part` VALUES (375, 'SP000375', 'CLAMPER B SPDMT CORD', 20, 2500);
INSERT INTO `t_part` VALUES (376, 'SP000376', 'CLAMP BRAKE HOSE', 20, 4500);
INSERT INTO `t_part` VALUES (377, 'SP000377', 'PAD SET, RR.', 20, 249000);
INSERT INTO `t_part` VALUES (378, 'SP000378', 'COLLAR 5X2.0', 20, 1000);
INSERT INTO `t_part` VALUES (379, 'SP000379', 'PISTON  (1.00)', 20, 39100);
INSERT INTO `t_part` VALUES (380, 'SP000380', 'SHROUD L YLW(NO STRP)', 20, 75000);
INSERT INTO `t_part` VALUES (381, 'SP000381', 'HELMET SPEED RIDER BLACK', 20, 180000);
INSERT INTO `t_part` VALUES (382, 'SP000382', 'PIPE,INLET', 20, 275000);
INSERT INTO `t_part` VALUES (383, 'SP000383', 'BELT DRIVE', 20, 130000);
INSERT INTO `t_part` VALUES (384, 'SP000384', 'PLATE DRUM LOCK', 20, 9000);
INSERT INTO `t_part` VALUES (385, 'SP000385', 'STRIPE BLUE WHITE L & R', 20, 215000);
INSERT INTO `t_part` VALUES (386, 'SP000386', 'HARNESS WIRE', 20, 230000);
INSERT INTO `t_part` VALUES (387, 'SP000387', 'STAY,RADIATOR LOWER', 20, 5600);
INSERT INTO `t_part` VALUES (388, 'SP000388', 'SPEEDOMETER ASSY', 20, 357000);
INSERT INTO `t_part` VALUES (389, 'SP000389', 'STRIPE BLACK SILVER R', 20, 115000);
INSERT INTO `t_part` VALUES (390, 'SP000390', 'CLAMPER,SPD SENSO(550)', 20, 23000);
INSERT INTO `t_part` VALUES (391, 'SP000391', 'VISOR', 20, 72500);
INSERT INTO `t_part` VALUES (392, 'SP000392', 'WASHER,SWITCH BOS', 20, 5000);
INSERT INTO `t_part` VALUES (393, 'SP000393', 'CABLE COMP, THROT', 20, 19000);
INSERT INTO `t_part` VALUES (394, 'SP000394', 'PACKING WINKER LENS', 20, 5600);
INSERT INTO `t_part` VALUES (395, 'SP000395', 'LENS WINKER R FR', 20, 8000);
INSERT INTO `t_part` VALUES (396, 'SP000396', 'HEAD COMP., CYLINDER', 20, 835000);
INSERT INTO `t_part` VALUES (397, 'SP000397', 'SEAL 25X47X5', 20, 12000);
INSERT INTO `t_part` VALUES (398, 'SP000398', 'WASHER,6X12', 20, 12500);
INSERT INTO `t_part` VALUES (399, 'SP000399', 'PIECE OIL LOCK', 20, 35300);
INSERT INTO `t_part` VALUES (400, 'SP000400', 'BOLT,FLANGE 6X18', 20, 3500);
INSERT INTO `t_part` VALUES (401, 'SP000401', 'SENSOR ASSY,TW', 20, 290000);
INSERT INTO `t_part` VALUES (402, 'SP000402', 'BOLT,ONE-WAY 8MM', 20, 13000);
INSERT INTO `t_part` VALUES (403, 'SP000403', 'COVER INNER LOWER ASSY', 20, 70000);
INSERT INTO `t_part` VALUES (404, 'SP000404', 'CLAMP B,WATERHOSE', 20, 43500);
INSERT INTO `t_part` VALUES (405, 'SP000405', 'PIN DOWEL 8X16', 20, 2000);
INSERT INTO `t_part` VALUES (406, 'SP000406', 'BOX, BATTERY', 20, 30100);
INSERT INTO `t_part` VALUES (407, 'SP000407', 'PANEL L SHRD(AF BK MT)', 20, 42000);
INSERT INTO `t_part` VALUES (408, 'SP000408', 'CAP LUGGAGE BOX', 20, 2500);
INSERT INTO `t_part` VALUES (409, 'SP000409', 'ARM REAR BRAKE STOPPER', 20, 8000);
INSERT INTO `t_part` VALUES (410, 'SP000410', 'FENDER RR ASSY', 20, 93000);
INSERT INTO `t_part` VALUES (411, 'SP000411', 'TUBE', 20, 55000);
INSERT INTO `t_part` VALUES (412, 'SP000412', 'LENS WINKER R FR', 20, 10000);
INSERT INTO `t_part` VALUES (413, 'SP000413', 'CABLE COMP THROTTLE', 20, 191900);
INSERT INTO `t_part` VALUES (414, 'SP000414', 'STRIPE WHITE RED L', 20, 100000);
INSERT INTO `t_part` VALUES (415, 'SP000415', 'FENDER FR(STR SLV MET)', 20, 188000);
INSERT INTO `t_part` VALUES (416, 'SP000416', 'GEAR,M SHAFT 2ND', 20, 196500);
INSERT INTO `t_part` VALUES (417, 'SP000417', 'OUTER COMP CLUTCH', 20, 200000);
INSERT INTO `t_part` VALUES (418, 'SP000418', 'HINGE,SEAT', 20, 15800);
INSERT INTO `t_part` VALUES (419, 'SP000419', 'WHEEL SET,FR.FIGHTING RED', 20, 3270400);
INSERT INTO `t_part` VALUES (420, 'SP000420', 'PISTON (0.50)', 20, 610000);
INSERT INTO `t_part` VALUES (421, 'SP000421', 'SCREW WASHER 5X10', 20, 500);
INSERT INTO `t_part` VALUES (422, 'SP000422', 'LABEL, OILMIXPROHIBITION', 20, 1700);
INSERT INTO `t_part` VALUES (423, 'SP000423', 'UNIT ASSY,CDI', 20, 218500);
INSERT INTO `t_part` VALUES (424, 'SP000424', 'CRANKSHAFT COMP', 20, 1920500);
INSERT INTO `t_part` VALUES (425, 'SP000425', 'STRIPE EMERALD GREEN L &R', 20, 215000);
INSERT INTO `t_part` VALUES (426, 'SP000426', 'COVER UTI LID(DB GL MT)', 20, 41000);
INSERT INTO `t_part` VALUES (427, 'SP000427', 'CASE COPM L FR BOTTOM', 20, 128000);
INSERT INTO `t_part` VALUES (428, 'SP000428', 'CLIP B12,TUBE', 20, 3500);
INSERT INTO `t_part` VALUES (429, 'SP000429', 'JOINT THREE WAY HOUSE', 20, 4500);
INSERT INTO `t_part` VALUES (430, 'SP000430', 'FLYWHEEL COMP', 20, 265000);
INSERT INTO `t_part` VALUES (431, 'SP000431', 'PIECE SLIDE', 20, 8000);
INSERT INTO `t_part` VALUES (432, 'SP000432', 'CABLE COMP,SPDMT', 20, 25000);
INSERT INTO `t_part` VALUES (433, 'SP000433', 'VARIO T-SHIRT 1 BLUE W-S', 20, 65000);
INSERT INTO `t_part` VALUES (434, 'SP000434', 'CDI UNIT', 20, 309000);
INSERT INTO `t_part` VALUES (435, 'SP000435', 'OIL SEAL 12X20X5', 20, 5000);
INSERT INTO `t_part` VALUES (436, 'SP000436', 'SLIDER CHAIN', 20, 30000);
INSERT INTO `t_part` VALUES (437, 'SP000437', 'GUIDE OIL SEAL', 20, 8000);
INSERT INTO `t_part` VALUES (438, 'SP000438', 'PACKING', 20, 2500);
INSERT INTO `t_part` VALUES (439, 'SP000439', 'CASE, METER UPPER', 20, 284800);
INSERT INTO `t_part` VALUES (440, 'SP000440', 'NUT,CAP 6MM', 20, 6000);
INSERT INTO `t_part` VALUES (441, 'SP000441', 'COVER INNER (PL FD WH)', 20, 246000);
INSERT INTO `t_part` VALUES (442, 'SP000442', 'BOLT HEAD COVER', 20, 2500);
INSERT INTO `t_part` VALUES (443, 'SP000443', 'GARNISH FAN RED', 20, 70000);
INSERT INTO `t_part` VALUES (444, 'SP000444', 'STRIPE RED SILVER R', 20, 100000);
INSERT INTO `t_part` VALUES (445, 'SP000445', 'UNIT COMP,PGM-FI/N', 20, 1582000);
INSERT INTO `t_part` VALUES (446, 'SP000446', 'SPANN.PIN SWICTH', 20, 8750);
INSERT INTO `t_part` VALUES (447, 'SP000447', 'PISTON  (0.25)', 20, 39100);
INSERT INTO `t_part` VALUES (448, 'SP000448', 'ROD ASSY CONNECTING', 20, 230000);
INSERT INTO `t_part` VALUES (449, 'SP000449', 'WASHER,SPRING 5MM', 20, 2700);
INSERT INTO `t_part` VALUES (450, 'SP000450', 'SHIFT,FORK GUIDE', 20, 85000);
INSERT INTO `t_part` VALUES (451, 'SP000451', 'RING SET (0.75)', 20, 135800);
INSERT INTO `t_part` VALUES (452, 'SP000452', 'SDD 21X35X7', 20, 7500);
INSERT INTO `t_part` VALUES (453, 'SP000453', 'GASKET,COVER', 20, 32000);
INSERT INTO `t_part` VALUES (454, 'SP000454', 'LENS R. WINKER', 20, 24000);
INSERT INTO `t_part` VALUES (455, 'SP000455', 'COVER,FR TP(WHT)', 20, 20300);
INSERT INTO `t_part` VALUES (456, 'SP000456', 'TUBE A SUB AIR CLEANER A', 20, 10000);
INSERT INTO `t_part` VALUES (457, 'SP000457', 'FORK ASSY R FR', 20, 391000);
INSERT INTO `t_part` VALUES (458, 'SP000458', 'HOLDER NEEDLE(K6)', 20, 140500);
INSERT INTO `t_part` VALUES (459, 'SP000459', 'BALL ASSY,8X18', 20, 69500);
INSERT INTO `t_part` VALUES (460, 'SP000460', 'STAY HORN', 20, 3000);
INSERT INTO `t_part` VALUES (461, 'SP000461', 'HORN COMP,L', 20, 349000);
INSERT INTO `t_part` VALUES (462, 'SP000462', 'PACKING FUEL FILL', 20, 15000);
INSERT INTO `t_part` VALUES (463, 'SP000463', 'CABLE,SPEEDOMTR', 20, 16000);
INSERT INTO `t_part` VALUES (464, 'SP000464', 'SOCKET,STR.STEM', 20, 750000);
INSERT INTO `t_part` VALUES (465, 'SP000465', '11200-KC6-960', 20, 35600);
INSERT INTO `t_part` VALUES (466, 'SP000466', 'GEAR,C SHAFT 2ND', 20, 313000);
INSERT INTO `t_part` VALUES (467, 'SP000467', '90107KW7901', 20, 3900);
INSERT INTO `t_part` VALUES (468, 'SP000468', 'SOCKET COMP', 20, 41000);
INSERT INTO `t_part` VALUES (469, 'SP000469', 'HEADLIGHT UNIT', 20, 60000);
INSERT INTO `t_part` VALUES (470, 'SP000470', 'PLATE COMP,CLUTCH', 20, 145000);
INSERT INTO `t_part` VALUES (471, 'SP000471', 'COLLAR,STARTER', 20, 4000);
INSERT INTO `t_part` VALUES (472, 'SP000472', 'SPROCKET DRIVEN', 20, 155000);
INSERT INTO `t_part` VALUES (473, 'SP000473', 'TUBE,BATTERY BREA', 20, 64500);
INSERT INTO `t_part` VALUES (474, 'SP000474', 'BEARING,BALL', 20, 14500);
INSERT INTO `t_part` VALUES (475, 'SP000475', 'LENS, R FR WINKER', 20, 6800);
INSERT INTO `t_part` VALUES (476, 'SP000476', 'SHIELD R LEG TPBL', 20, 183000);
INSERT INTO `t_part` VALUES (477, 'SP000477', 'BOLT,FLANGE 10X65', 20, 40000);
INSERT INTO `t_part` VALUES (478, 'SP000478', 'SPRING, FR. FORK', 20, 213000);
INSERT INTO `t_part` VALUES (479, 'SP000479', 'CENTER,CLUTCH', 20, 60000);
INSERT INTO `t_part` VALUES (480, 'SP000480', 'STRIPE WHITE L', 20, 68000);
INSERT INTO `t_part` VALUES (481, 'SP000481', 'RING SET, PISTON (0,75)', 20, 60000);
INSERT INTO `t_part` VALUES (482, 'SP000482', 'PISTON  (0.75)', 20, 39100);
INSERT INTO `t_part` VALUES (483, 'SP000483', 'COLLAR,SPLINE 23M', 20, 127000);
INSERT INTO `t_part` VALUES (484, 'SP000484', 'CAP ASSY,RES TANK', 20, 4000);
INSERT INTO `t_part` VALUES (485, 'SP000485', 'CALIPER SUB ASSY', 20, 1267300);
INSERT INTO `t_part` VALUES (486, 'SP000486', 'CASE DR.CHN.UP.NH364', 20, 280000);
INSERT INTO `t_part` VALUES (487, 'SP000487', 'GUIDE,RR BRK HOSE', 20, 42000);
INSERT INTO `t_part` VALUES (488, 'SP000488', 'TUBE,8X770', 20, 40000);
INSERT INTO `t_part` VALUES (489, 'SP000489', '22810KTL740', 20, 85000);
INSERT INTO `t_part` VALUES (490, 'SP000490', 'SWITCH UNIT DIMMER', 20, 30000);
INSERT INTO `t_part` VALUES (491, 'SP000491', 'COWL L RR SLV(SH SL MT)', 20, 109000);
INSERT INTO `t_part` VALUES (492, 'SP000492', 'REFLE,L.RFLX.', 20, 40000);
INSERT INTO `t_part` VALUES (493, 'SP000493', 'FLYWHEEL COMP', 20, 165000);
INSERT INTO `t_part` VALUES (494, 'SP000494', 'FENDER RR ASSY', 20, 113000);
INSERT INTO `t_part` VALUES (495, 'SP000495', 'SHIM B', 20, 53000);
INSERT INTO `t_part` VALUES (496, 'SP000496', 'FORK ASSY L FR', 20, 289000);
INSERT INTO `t_part` VALUES (497, 'SP000497', 'JOINT, KICK ARM', 20, 139200);
INSERT INTO `t_part` VALUES (498, 'SP000498', 'TUBE,CONNECTING', 20, 194000);
INSERT INTO `t_part` VALUES (499, 'SP000499', 'PACKING', 20, 4000);
INSERT INTO `t_part` VALUES (500, 'SP000500', 'UNIT COMP PGM-FI/IGN', 20, 537000);
INSERT INTO `t_part` VALUES (501, 'SP000501', 'COVER RR CTR LWR(W.O.PNT)', 20, 17000);
INSERT INTO `t_part` VALUES (502, 'SP000502', 'O-RING 1,3X4,3', 20, 500);
INSERT INTO `t_part` VALUES (503, 'SP000503', 'STRIPE WHITE R', 20, 120000);
INSERT INTO `t_part` VALUES (504, 'SP000504', 'CLMPER, FR. BRAKE HOSE', 20, 8400);
INSERT INTO `t_part` VALUES (505, 'SP000505', 'ADJUSTER R CHAIN ASSY', 20, 6000);
INSERT INTO `t_part` VALUES (506, 'SP000506', 'METER COMP.,FUEL&TEMP.', 20, 592500);
INSERT INTO `t_part` VALUES (507, 'SP000507', 'ELEMENT,CLEANER', 20, 90000);
INSERT INTO `t_part` VALUES (508, 'SP000508', 'CHAIN CAM', 20, 33500);
INSERT INTO `t_part` VALUES (509, 'SP000509', 'SHROUD,L.RADIATORY165P', 20, 236100);
INSERT INTO `t_part` VALUES (510, 'SP000510', 'LIGHT ASSY HEAD', 20, 350000);
INSERT INTO `t_part` VALUES (511, 'SP000511', '90003MN4001', 20, 35000);
INSERT INTO `t_part` VALUES (512, 'SP000512', 'ARM DRUM STOP', 20, 72000);
INSERT INTO `t_part` VALUES (513, 'SP000513', 'SPEEDOMETER ASSY', 20, 482000);
INSERT INTO `t_part` VALUES (514, 'SP000514', 'RUBBER,BUSH', 20, 28800);
INSERT INTO `t_part` VALUES (515, 'SP000515', 'CLUTCH ASSY', 20, 1250000);
INSERT INTO `t_part` VALUES (516, 'SP000516', 'RING SET (0.50)', 20, 350000);
INSERT INTO `t_part` VALUES (517, 'SP000517', 'GEAR C,PRIM.DRIVE', 20, 60000);
INSERT INTO `t_part` VALUES (518, 'SP000518', 'RR COWL  R SD (SILV)', 20, 154000);
INSERT INTO `t_part` VALUES (519, 'SP000519', 'STRIPE BLACK BLUE L & R', 20, 185000);
INSERT INTO `t_part` VALUES (520, 'SP000520', 'BOLT HEX 8X25', 20, 1000);
INSERT INTO `t_part` VALUES (521, 'SP000521', 'PLATE, FR. WINKER', 20, 1000);
INSERT INTO `t_part` VALUES (522, 'SP000522', 'SHIELD R LEG(PRP)', 20, 161000);
INSERT INTO `t_part` VALUES (523, 'SP000523', 'WASHER,SEALING A', 20, 15000);
INSERT INTO `t_part` VALUES (524, 'SP000524', 'NUT,FIXING', 20, 22300);
INSERT INTO `t_part` VALUES (525, 'SP000525', 'SPRING VALVE OUTER', 20, 11000);
INSERT INTO `t_part` VALUES (526, 'SP000526', 'OIL SEAL, 19X30X5', 20, 50000);
INSERT INTO `t_part` VALUES (527, 'SP000527', 'SPG,COMPRESSION COIL', 20, 32000);
INSERT INTO `t_part` VALUES (528, 'SP000528', 'COVER HDL FR(SLV)', 20, 181000);
INSERT INTO `t_part` VALUES (529, 'SP000529', 'SPROCKET TIMING', 20, 22000);
INSERT INTO `t_part` VALUES (530, 'SP000530', 'CRANK SHAFT COMP,RIGHT', 20, 292100);
INSERT INTO `t_part` VALUES (531, 'SP000531', 'CAP,ROTOR FILTER', 20, 145000);
INSERT INTO `t_part` VALUES (532, 'SP000532', 'BAR, L P STEP SET', 20, 25000);
INSERT INTO `t_part` VALUES (533, 'SP000533', 'CLAMPER FUEL TUBE', 20, 1000);
INSERT INTO `t_part` VALUES (534, 'SP000534', 'STRIPE, L.SIDE COVER (3)', 20, 105300);
INSERT INTO `t_part` VALUES (535, 'SP000535', 'COVER R BODY(SL BL MT)', 20, 259000);
INSERT INTO `t_part` VALUES (536, 'SP000536', 'GASKET CRANKCASE', 20, 20500);
INSERT INTO `t_part` VALUES (537, 'SP000537', 'RAIL RR GRAB', 20, 111000);
INSERT INTO `t_part` VALUES (538, 'SP000538', 'STRIPE LEGENDA L & R', 20, 90000);
INSERT INTO `t_part` VALUES (539, 'SP000539', 'PIPE COMP,DOWN PIPE', 20, 53000);
INSERT INTO `t_part` VALUES (540, 'SP000540', 'COVER HDL FR(VO SL MT)', 20, 111000);
INSERT INTO `t_part` VALUES (541, 'SP000541', 'COVER,L RR CR(BLK', 20, 36000);
INSERT INTO `t_part` VALUES (542, 'SP000542', 'SPARK PLUG DP8EA-9 (NG)', 20, 12400);
INSERT INTO `t_part` VALUES (543, 'SP000543', 'BRKT, R P STEP', 20, 152800);
INSERT INTO `t_part` VALUES (544, 'SP000544', 'COWL RR CTR BLU(NO STRP)', 20, 49000);
INSERT INTO `t_part` VALUES (545, 'SP000545', 'CHAIN CAM', 20, 34000);
INSERT INTO `t_part` VALUES (546, 'SP000546', 'RUBBER STARTER PINION', 20, 1000);
INSERT INTO `t_part` VALUES (547, 'SP000547', 'COVER UNDER (WHT MET)', 20, 38000);
INSERT INTO `t_part` VALUES (548, 'SP000548', 'SPRING, REBOUND', 20, 85000);
INSERT INTO `t_part` VALUES (549, 'SP000549', 'LIGHT REAR COMB SET', 20, 180000);
INSERT INTO `t_part` VALUES (550, 'SP000550', 'AXLE FR WHEEL', 20, 18000);
INSERT INTO `t_part` VALUES (551, 'SP000551', 'GEAR, C-5 26T', 20, 450000);
INSERT INTO `t_part` VALUES (552, 'SP000552', 'E-RING,SPECIAL', 20, 9300);
INSERT INTO `t_part` VALUES (553, 'SP000553', 'Muffler End Cov Pol. Slv', 20, 128000);
INSERT INTO `t_part` VALUES (554, 'SP000554', '9390325380', 20, 500);
INSERT INTO `t_part` VALUES (555, 'SP000555', 'FUEL UNIT', 20, 76000);
INSERT INTO `t_part` VALUES (556, 'SP000556', 'SOCKET COMP HEADLIGHT', 20, 41000);
INSERT INTO `t_part` VALUES (557, 'SP000557', 'STAY COMP L. FLOOR', 20, 90000);
INSERT INTO `t_part` VALUES (558, 'SP000558', 'COVER,R (GRN)', 20, 31300);
INSERT INTO `t_part` VALUES (559, 'SP000559', '44650KYJ901ZA', 20, 1828000);
INSERT INTO `t_part` VALUES (560, 'SP000560', 'CUSHION ASSY RR (CN BZ O)', 20, 180000);
INSERT INTO `t_part` VALUES (561, 'SP000561', 'SCREW WASHER 3X22', 20, 17000);
INSERT INTO `t_part` VALUES (562, 'SP000562', 'CLAMPER B FR BRK HOSE', 20, 8000);
INSERT INTO `t_part` VALUES (563, 'SP000563', 'MARK,SIDE TYPE1', 20, 20000);
INSERT INTO `t_part` VALUES (564, 'SP000564', 'STRIPE SPRTY BLUE MT L &R', 20, 140000);
INSERT INTO `t_part` VALUES (565, 'SP000565', 'GRIP L HDL', 20, 10000);
INSERT INTO `t_part` VALUES (566, 'SP000566', 'CLAMPERWIRE HARNESS', 20, 1500);
INSERT INTO `t_part` VALUES (567, 'SP000567', 'WINKER UNIT R FR', 20, 22000);
INSERT INTO `t_part` VALUES (568, 'SP000568', 'SET ILLUST,UNDER COWL T-1', 20, 263800);
INSERT INTO `t_part` VALUES (569, 'SP000569', 'COVER R BODY(AF BK MT)', 20, 202000);
INSERT INTO `t_part` VALUES (570, 'SP000570', 'WASHER SPG 6MM', 20, 500);
INSERT INTO `t_part` VALUES (571, 'SP000571', 'COLLAR B RR WHL DISTANCE', 20, 22000);
INSERT INTO `t_part` VALUES (572, 'SP000572', 'SET ILL FR UPPER(AST BLK MT)', 20, 270000);
INSERT INTO `t_part` VALUES (573, 'SP000573', 'CABLE COMP FR BRK', 20, 27500);
INSERT INTO `t_part` VALUES (574, 'SP000574', 'COVER FR TOP(BR LM GR)', 20, 366000);
INSERT INTO `t_part` VALUES (575, 'SP000575', 'SPINDLE COMP GEAR SHIFT', 20, 70500);
INSERT INTO `t_part` VALUES (576, 'SP000576', 'SET NUT', 20, 21000);
INSERT INTO `t_part` VALUES (577, 'SP000577', '23471GN5912', 20, 143800);
INSERT INTO `t_part` VALUES (578, 'SP000578', 'COVER COMP,R CRANK CASE', 20, 950000);
INSERT INTO `t_part` VALUES (579, 'SP000579', 'STRIPE 3 RED', 20, 113000);
INSERT INTO `t_part` VALUES (580, 'SP000580', 'SCREEN WIND', 20, 337000);
INSERT INTO `t_part` VALUES (581, 'SP000581', 'WINKER ASSY.,R FR', 20, 248000);
INSERT INTO `t_part` VALUES (582, 'SP000582', 'PLUG,BEARING PUSH', 20, 50000);
INSERT INTO `t_part` VALUES (583, 'SP000583', 'KEY SET', 20, 206000);
INSERT INTO `t_part` VALUES (584, 'SP000584', 'CARBURETOR ASSY', 20, 918000);
INSERT INTO `t_part` VALUES (585, 'SP000585', 'SPROCKET DRIVEN', 20, 100000);
INSERT INTO `t_part` VALUES (586, 'SP000586', 'RUBBER,SEAT CUSH', 20, 12000);
INSERT INTO `t_part` VALUES (587, 'SP000587', 'RUBBER,R COVER', 20, 46200);
INSERT INTO `t_part` VALUES (588, 'SP000588', 'STRIPE BLUE L & R', 20, 175000);
INSERT INTO `t_part` VALUES (589, 'SP000589', 'COVER RR CTR(TH BL MT)', 20, 177000);
INSERT INTO `t_part` VALUES (590, 'SP000590', 'COVER HDL FR(MRED MET)', 20, 170000);
INSERT INTO `t_part` VALUES (591, 'SP000591', 'CYLINDER COMP', 20, 415500);
INSERT INTO `t_part` VALUES (592, 'SP000592', 'PAKET B BEAT PNK', 20, 421000);
INSERT INTO `t_part` VALUES (593, 'SP000593', 'WASHER 6.2X19X2.3', 20, 1500);
INSERT INTO `t_part` VALUES (594, 'SP000594', 'PIN A,BOLT', 20, 21000);
INSERT INTO `t_part` VALUES (595, 'SP000595', 'SHIELD R LEG(WN RD-A)', 20, 131000);
INSERT INTO `t_part` VALUES (596, 'SP000596', 'BULB HEADLIGHT (12V 25/25W)', 20, 17000);
INSERT INTO `t_part` VALUES (597, 'SP000597', 'WASHER CHAIN CASE', 20, 1000);
INSERT INTO `t_part` VALUES (598, 'SP000598', 'RUBBER CHANGE PEDAL', 20, 5000);
INSERT INTO `t_part` VALUES (599, 'SP000599', 'O-RING,75X2.5', 20, 2500);
INSERT INTO `t_part` VALUES (600, 'SP000600', 'STRIPE  NEON GREEN R', 20, 100000);
INSERT INTO `t_part` VALUES (601, 'SP000601', 'STRIPE WHITE SILVER  L', 20, 100000);
INSERT INTO `t_part` VALUES (602, 'SP000602', 'WEIGHT B,HANDLE', 20, 54000);
INSERT INTO `t_part` VALUES (603, 'SP000603', 'CB150R JACKET BLACK-M', 20, 185000);
INSERT INTO `t_part` VALUES (604, 'SP000604', 'SPEEDOMETER COMP.', 20, 621200);
INSERT INTO `t_part` VALUES (605, 'SP000605', 'COLLAR,MUFF MOUNT', 20, 4000);
INSERT INTO `t_part` VALUES (606, 'SP000606', 'SPROCKET DRIVEN', 20, 89000);
INSERT INTO `t_part` VALUES (607, 'SP000607', 'COVER R FR LWR', 20, 12000);
INSERT INTO `t_part` VALUES (608, 'SP000608', 'SHIELD,L LEG(BLK)', 20, 173000);
INSERT INTO `t_part` VALUES (609, 'SP000609', 'M.TONE BRILLIANT SILVER', 20, 250000);
INSERT INTO `t_part` VALUES (610, 'SP000610', 'BOLT HEX 6X10', 20, 1500);
INSERT INTO `t_part` VALUES (611, 'SP000611', 'TUBE RES.TANK BREATHER', 20, 15000);
INSERT INTO `t_part` VALUES (612, 'SP000612', 'TIRE, FR (275-18 NF25)', 20, 195000);
INSERT INTO `t_part` VALUES (613, 'SP000613', 'STRIPE A,R RDTR SHRD T3', 20, 42500);
INSERT INTO `t_part` VALUES (614, 'SP000614', 'PIPE COMP STRG HANDLE', 20, 95000);
INSERT INTO `t_part` VALUES (615, 'SP000615', 'SEAT VALVE SPRING', 20, 5500);
INSERT INTO `t_part` VALUES (616, 'SP000616', 'CABLE COMP,CLUTCH', 20, 34000);
INSERT INTO `t_part` VALUES (617, 'SP000617', 'SCREW,PAN 5X6', 20, 4000);
INSERT INTO `t_part` VALUES (618, 'SP000618', 'WASHER,SPRING', 20, 28000);
INSERT INTO `t_part` VALUES (619, 'SP000619', 'PACKING LENS', 20, 5000);
INSERT INTO `t_part` VALUES (620, 'SP000620', 'ARM ASSY KICK STARTER', 20, 68500);
INSERT INTO `t_part` VALUES (621, 'SP000621', 'STR.LOW.CWL.LID T2', 20, 30000);
INSERT INTO `t_part` VALUES (622, 'SP000622', 'SPRING START /M', 20, 10500);
INSERT INTO `t_part` VALUES (623, 'SP000623', 'CABLE COMP SPEEDO', 20, 25000);
INSERT INTO `t_part` VALUES (624, 'SP000624', 'CORD R WINKER', 20, 8000);
INSERT INTO `t_part` VALUES (625, 'SP000625', 'CASE ASSY', 20, 32500);
INSERT INTO `t_part` VALUES (626, 'SP000626', 'LENS WINKER R RR', 20, 11000);
INSERT INTO `t_part` VALUES (627, 'SP000627', 'LID SET,L.LOW.COWL(WL)TP1', 20, 328700);
INSERT INTO `t_part` VALUES (628, 'SP000628', 'RING SET (0.25)', 20, 368000);
INSERT INTO `t_part` VALUES (629, 'SP000629', 'BRACKET RR WINKER', 20, 11500);
INSERT INTO `t_part` VALUES (630, 'SP000630', 'KEYWOODRUFF 4MM', 20, 6500);
INSERT INTO `t_part` VALUES (631, 'SP000631', 'BAR COMP STEP', 20, 77000);
INSERT INTO `t_part` VALUES (632, 'SP000632', '53205KPH730FMH', 20, 72300);
INSERT INTO `t_part` VALUES (633, 'SP000633', 'CASE,FUSE', 20, 6500);
INSERT INTO `t_part` VALUES (634, 'SP000634', 'SCREW,BEAM ADJUST', 20, 3200);
INSERT INTO `t_part` VALUES (635, 'SP000635', 'O-RING,9.4X2.4', 20, 11000);
INSERT INTO `t_part` VALUES (636, 'SP000636', 'STRIPE GREY SILVER R', 20, 120000);
INSERT INTO `t_part` VALUES (637, 'SP000637', 'CLAMPER B FR BRK HOSE', 20, 7000);
INSERT INTO `t_part` VALUES (638, 'SP000638', 'STRIPE WHITE RED L', 20, 135000);
INSERT INTO `t_part` VALUES (639, 'SP000639', 'COLLAR R RR WHEEL SIDE', 20, 8000);
INSERT INTO `t_part` VALUES (640, 'SP000640', 'SCREW SET', 20, 88000);
INSERT INTO `t_part` VALUES (641, 'SP000641', 'HOSE B RADIATOR', 20, 8000);
INSERT INTO `t_part` VALUES (642, 'SP000642', 'JOINT,OIL TUBE', 20, 21000);
INSERT INTO `t_part` VALUES (643, 'SP000643', '9501554000', 20, 4000);
INSERT INTO `t_part` VALUES (644, 'SP000644', 'OUTER COMP CLUTCH', 20, 200000);
INSERT INTO `t_part` VALUES (645, 'SP000645', 'STRIPE GARNET RED L & R', 20, 215000);
INSERT INTO `t_part` VALUES (646, 'SP000646', 'COVER L BODY(WITHOUT PNT)', 20, 77700);
INSERT INTO `t_part` VALUES (647, 'SP000647', 'PLATE,DRUM LOCK', 20, 44200);
INSERT INTO `t_part` VALUES (648, 'SP000648', 'WASHER SPLINE 17MM', 20, 2000);
INSERT INTO `t_part` VALUES (649, 'SP000649', 'COVER M/P UPPER(PB ORG)', 20, 109000);
INSERT INTO `t_part` VALUES (650, 'SP000650', 'AC GENERATOR ASSY', 20, 416500);
INSERT INTO `t_part` VALUES (651, 'SP000651', 'SHIELD R LEG(BLK)', 20, 175000);
INSERT INTO `t_part` VALUES (652, 'SP000652', 'KEY SET', 20, 500000);
INSERT INTO `t_part` VALUES (653, 'SP000653', 'PEDAL,GEAR /K', 20, 38400);
INSERT INTO `t_part` VALUES (654, 'SP000654', 'HARNESS WIRE', 20, 200000);
INSERT INTO `t_part` VALUES (655, 'SP000655', 'KEY SET', 20, 1510200);
INSERT INTO `t_part` VALUES (656, 'SP000656', 'COVER L BODY(CN SC RD)', 20, 322000);
INSERT INTO `t_part` VALUES (657, 'SP000657', 'OIL SEAL, 6.5X14.5', 20, 25000);
INSERT INTO `t_part` VALUES (658, 'SP000658', 'ARM RR BRAKE', 20, 13500);
INSERT INTO `t_part` VALUES (659, 'SP000659', 'AHM SHIRT RED, MEDIUM', 20, 111000);
INSERT INTO `t_part` VALUES (660, 'SP000660', 'FORK ASY.L FR.', 20, 1795000);
INSERT INTO `t_part` VALUES (661, 'SP000661', 'LEVER,L,HANDLE', 20, 116000);
INSERT INTO `t_part` VALUES (662, 'SP000662', 'COVER HDL FR(BLK)', 20, 131000);
INSERT INTO `t_part` VALUES (663, 'SP000663', 'HEADLIGHT ASSY', 20, 452000);
INSERT INTO `t_part` VALUES (664, 'SP000664', 'SOCKET CP R WINKER', 20, 5000);
INSERT INTO `t_part` VALUES (665, 'SP000665', 'COVER FR TOP(PL FD WH)', 20, 132000);
INSERT INTO `t_part` VALUES (666, 'SP000666', 'CABLE COMP, THROT', 20, 22500);
INSERT INTO `t_part` VALUES (667, 'SP000667', 'SCREW SET', 20, 2500);
INSERT INTO `t_part` VALUES (668, 'SP000668', 'STRIPE BLACK R', 20, 80000);
INSERT INTO `t_part` VALUES (669, 'SP000669', 'COVER R BODY(AS BL MT)', 20, 236000);
INSERT INTO `t_part` VALUES (670, 'SP000670', 'BOLT FLANGE 6X40', 20, 5500);
INSERT INTO `t_part` VALUES (671, 'SP000671', 'BOLT A,RR ENGINE', 20, 52000);
INSERT INTO `t_part` VALUES (672, 'SP000672', 'COVER R BODY(PD PK MT)', 20, 225000);
INSERT INTO `t_part` VALUES (673, 'SP000673', 'PEDAL ASSY GEAR CHANGE', 20, 57500);
INSERT INTO `t_part` VALUES (674, 'SP000674', 'SCREW,6X25', 20, 5700);
INSERT INTO `t_part` VALUES (675, 'SP000675', 'PLT.M.STEP LWR.', 20, 35000);
INSERT INTO `t_part` VALUES (676, 'SP000676', 'COLLAR START REDUCTION', 20, 62500);
INSERT INTO `t_part` VALUES (677, 'SP000677', 'COVER A/C OUTLET(PR OD VL)', 20, 69000);
INSERT INTO `t_part` VALUES (678, 'SP000678', 'CLAMPER COMP., THROTTLE CABLE', 20, 10000);
INSERT INTO `t_part` VALUES (679, 'SP000679', 'PISTON (0.50)', 20, 39100);
INSERT INTO `t_part` VALUES (680, 'SP000680', 'MAIN SHAFT COMP', 20, 769800);
INSERT INTO `t_part` VALUES (681, 'SP000681', 'STRIPE,R FRONT', 20, 2600);
INSERT INTO `t_part` VALUES (682, 'SP000682', 'COVER, R.MIRROR', 20, 13000);
INSERT INTO `t_part` VALUES (683, 'SP000683', 'WASHER SEAL 7MM', 20, 9000);
INSERT INTO `t_part` VALUES (684, 'SP000684', 'COVER HDL FR(BLK)', 20, 95000);
INSERT INTO `t_part` VALUES (685, 'SP000685', 'NEW HELMET (BLACK)', 20, 135000);
INSERT INTO `t_part` VALUES (686, 'SP000686', 'INSULATOR, THROTTLE BODY', 20, 82000);
INSERT INTO `t_part` VALUES (687, 'SP000687', 'TUBE 5.3X700 ASSY', 20, 12500);
INSERT INTO `t_part` VALUES (688, 'SP000688', 'VALVE COMP.,FLOAT', 20, 128000);
INSERT INTO `t_part` VALUES (689, 'SP000689', 'STRIPE BLACK R', 20, 65000);
INSERT INTO `t_part` VALUES (690, 'SP000690', 'RING SET, PISTON (STD)', 20, 85000);
INSERT INTO `t_part` VALUES (691, 'SP000691', 'COVER COMP L RR', 20, 69500);
INSERT INTO `t_part` VALUES (692, 'SP000692', 'ROD CONNECTING', 20, 450000);
INSERT INTO `t_part` VALUES (693, 'SP000693', 'BOLT,FLANGE 6X60', 20, 7000);
INSERT INTO `t_part` VALUES (694, 'SP000694', 'BOLT,HEX 6X12', 20, 1900);
INSERT INTO `t_part` VALUES (695, 'SP000695', 'Lembayung Blue', 20, 125000);
INSERT INTO `t_part` VALUES (696, 'SP000696', 'CVR R RR(MILL RED)', 20, 140000);
INSERT INTO `t_part` VALUES (697, 'SP000697', 'AKSESORIS KIT BEAT MERAH', 20, 344000);
INSERT INTO `t_part` VALUES (698, 'SP000698', 'RETAINER,KICK SPR', 20, 100000);
INSERT INTO `t_part` VALUES (699, 'SP000699', 'FENDER FR(PL FD WH)', 20, 107000);
INSERT INTO `t_part` VALUES (700, 'SP000700', 'SHIM,TAPPET (2.700)', 20, 50000);
INSERT INTO `t_part` VALUES (701, 'SP000701', 'OIL SEAL,12X20X5', 20, 16000);
INSERT INTO `t_part` VALUES (702, 'SP000702', 'CLAMPER B BRAKE HOS', 20, 9500);
INSERT INTO `t_part` VALUES (703, 'SP000703', 'SEAT IN VALVE', 20, 7000);
INSERT INTO `t_part` VALUES (704, 'SP000704', 'COLLAR,25X28X10', 20, 64000);
INSERT INTO `t_part` VALUES (705, 'SP000705', 'COVER L BODY(BLK)', 20, 143000);
INSERT INTO `t_part` VALUES (706, 'SP000706', 'COTTER,VALVE', 20, 23000);
INSERT INTO `t_part` VALUES (707, 'SP000707', 'ELMNT COMP., AIR CLEANER', 20, 119000);
INSERT INTO `t_part` VALUES (708, 'SP000708', 'SWITCH KIT (MK)', 20, 1130000);
INSERT INTO `t_part` VALUES (709, 'SP000709', 'SPRING,CLUTCH', 20, 19700);
INSERT INTO `t_part` VALUES (710, 'SP000710', 'TUBE AIR OPENING', 20, 7000);
INSERT INTO `t_part` VALUES (711, 'SP000711', 'WASHER THRUST 6MM', 20, 2500);
INSERT INTO `t_part` VALUES (712, 'SP000712', 'GASKET KIT B', 20, 26000);
INSERT INTO `t_part` VALUES (713, 'SP000713', 'SEAT, VALVE SPRING', 20, 15000);
INSERT INTO `t_part` VALUES (714, 'SP000714', 'INDICATOR BRAKE', 20, 2500);
INSERT INTO `t_part` VALUES (715, 'SP000715', 'SEAL A A/C', 20, 3000);
INSERT INTO `t_part` VALUES (716, 'SP000716', 'PLATE CLUTCH LIFTER', 20, 30000);
INSERT INTO `t_part` VALUES (717, 'SP000717', 'CATCH COMP. SEAT', 20, 16000);
INSERT INTO `t_part` VALUES (718, 'SP000718', 'SOCKET COMP HEADLIGHT', 20, 46500);
INSERT INTO `t_part` VALUES (719, 'SP000719', 'COVER TAIL(BLK)', 20, 27000);
INSERT INTO `t_part` VALUES (720, 'SP000720', 'SI Washing Thinner 1 lt', 20, 25000);
INSERT INTO `t_part` VALUES (721, 'SP000721', 'TOOL SET', 20, 58500);
INSERT INTO `t_part` VALUES (722, 'SP000722', 'MUFFLER ASSY EXH', 20, 460000);
INSERT INTO `t_part` VALUES (723, 'SP000723', 'HELMET SP WHITE BLUE', 20, 170000);
INSERT INTO `t_part` VALUES (724, 'SP000724', 'FNDR, FR CNDY TAHITIAN BLUE', 20, 262000);
INSERT INTO `t_part` VALUES (725, 'SP000725', 'COVER L FR PRL HM WHT', 20, 333000);
INSERT INTO `t_part` VALUES (726, 'SP000726', 'BOLT BODY COVER SET', 20, 500);
INSERT INTO `t_part` VALUES (727, 'SP000727', '45126-KCJ-761', 20, 91200);
INSERT INTO `t_part` VALUES (728, 'SP000728', 'HOSE B WATER', 20, 7000);
INSERT INTO `t_part` VALUES (729, 'SP000729', '14566086031', 20, 9000);
INSERT INTO `t_part` VALUES (730, 'SP000730', 'WASHER,WAVE,10MM', 20, 15000);
INSERT INTO `t_part` VALUES (731, 'SP000731', 'HOLDER COMP CAMSHAFT', 20, 215000);
INSERT INTO `t_part` VALUES (732, 'SP000732', 'CENTER CLUTCH', 20, 39500);
INSERT INTO `t_part` VALUES (733, 'SP000733', 'TOOL SET', 20, 193000);
INSERT INTO `t_part` VALUES (734, 'SP000734', 'STRIPE A,R RDTR SHRD T2', 20, 42500);
INSERT INTO `t_part` VALUES (735, 'SP000735', 'DUCT,INLET', 20, 20000);
INSERT INTO `t_part` VALUES (736, 'SP000736', 'RAIL RR.GRAB.', 20, 479000);
INSERT INTO `t_part` VALUES (737, 'SP000737', '23422GB4771', 20, 56000);
INSERT INTO `t_part` VALUES (738, 'SP000738', 'WASHER,SEALING 10MM', 20, 3500);
INSERT INTO `t_part` VALUES (739, 'SP000739', 'BOLT SL 6X20', 20, 4000);
INSERT INTO `t_part` VALUES (740, 'SP000740', 'SOCKET COMP POSITION LAMP', 20, 12500);
INSERT INTO `t_part` VALUES (741, 'SP000741', 'SUB HARNESS BATTERY', 20, 110000);
INSERT INTO `t_part` VALUES (742, 'SP000742', 'COVER UNDER(SP BL MT)', 20, 97000);
INSERT INTO `t_part` VALUES (743, 'SP000743', 'TANK, FUEL RED (NO STRIPE', 20, 273000);
INSERT INTO `t_part` VALUES (744, 'SP000744', 'TIRE, RR (100/90-18 NR25)', 20, 311000);
INSERT INTO `t_part` VALUES (745, 'SP000745', 'COVER MUFFLER', 20, 17000);
INSERT INTO `t_part` VALUES (746, 'SP000746', 'LENS, LICENSE', 20, 5900);
INSERT INTO `t_part` VALUES (747, 'SP000747', '9501542000', 20, 6100);
INSERT INTO `t_part` VALUES (748, 'SP000748', 'COVER FR TOP(WITHOUT PNT)', 20, 39000);
INSERT INTO `t_part` VALUES (749, 'SP000749', 'COVER  FR TOP (PL FD WH)', 20, 264000);
INSERT INTO `t_part` VALUES (750, 'SP000750', 'GEAR,C-3', 20, 483000);
INSERT INTO `t_part` VALUES (751, 'SP000751', 'MIRROR COMP R', 20, 91000);
INSERT INTO `t_part` VALUES (752, 'SP000752', 'CYLINDER COMP /3', 20, 1481600);
INSERT INTO `t_part` VALUES (753, 'SP000753', 'RELAY ASSY WINKER', 20, 35500);
INSERT INTO `t_part` VALUES (754, 'SP000754', 'COVER L M/P(BLK)', 20, 131000);
INSERT INTO `t_part` VALUES (755, 'SP000755', 'PIN MAIN STEP BAR', 20, 30000);
INSERT INTO `t_part` VALUES (756, 'SP000756', 'TUBE,AIR CLEANER', 20, 15000);
INSERT INTO `t_part` VALUES (757, 'SP000757', 'CASE UN.CHAIN', 20, 268000);
INSERT INTO `t_part` VALUES (758, 'SP000758', 'PIN SPLIT', 20, 4000);
INSERT INTO `t_part` VALUES (759, 'SP000759', 'FENDER A FR(SP BL MT-A)', 20, 206000);
INSERT INTO `t_part` VALUES (760, 'SP000760', 'CASE METER UPPER', 20, 87000);
INSERT INTO `t_part` VALUES (761, 'SP000761', 'SHFT.RR.BRK.PI.', 20, 45000);
INSERT INTO `t_part` VALUES (762, 'SP000762', 'COWL RR CTR MRD(NO STRP)', 20, 70000);
INSERT INTO `t_part` VALUES (763, 'SP000763', 'COVER L M/P SD(BR LM GR)', 20, 358000);
INSERT INTO `t_part` VALUES (764, 'SP000764', 'MUFFLER ASSY EXH', 20, 1180000);
INSERT INTO `t_part` VALUES (765, 'SP000765', 'RUBBER PROTECTOR MOUNT', 20, 5000);
INSERT INTO `t_part` VALUES (766, 'SP000766', 'CRANKCASE COMP L', 20, 295000);
INSERT INTO `t_part` VALUES (767, 'SP000767', 'STR.B,R.FR.UP CWL.T2', 20, 103300);
INSERT INTO `t_part` VALUES (768, 'SP000768', 'SHROUD,L.RADIATORPB305P', 20, 236100);
INSERT INTO `t_part` VALUES (769, 'SP000769', 'STATOR COMP', 20, 202500);
INSERT INTO `t_part` VALUES (770, 'SP000770', 'BAG,SERVICE BOOK', 20, 5000);
INSERT INTO `t_part` VALUES (771, 'SP000771', '12000KC6306', 20, 2050900);
INSERT INTO `t_part` VALUES (772, 'SP000772', 'GEAR,C SHAFT 2ND', 20, 238700);
INSERT INTO `t_part` VALUES (773, 'SP000773', 'UNIT ASSY FUEL PUMP', 20, 1680000);
INSERT INTO `t_part` VALUES (774, 'SP000774', 'DUST SEAL 21 X 37 X 7', 20, 4500);
INSERT INTO `t_part` VALUES (775, 'SP000775', 'NUT,FRONT AXLE', 20, 2200);
INSERT INTO `t_part` VALUES (776, 'SP000776', 'BOLT FLANGE 6X25', 20, 1500);
INSERT INTO `t_part` VALUES (777, 'SP000777', 'STRIPE BLACK R', 20, 115000);
INSERT INTO `t_part` VALUES (778, 'SP000778', 'PROTECTOR,FR COV', 20, 27500);
INSERT INTO `t_part` VALUES (779, 'SP000779', 'FR.FENDER R127', 20, 392000);
INSERT INTO `t_part` VALUES (780, 'SP000780', 'STR.A,L.SIDE COV.T1', 20, 70000);
INSERT INTO `t_part` VALUES (781, 'SP000781', 'TIRE, RR (100/90-17 NR25)', 20, 255000);
INSERT INTO `t_part` VALUES (782, 'SP000782', 'PISTON (1,00)', 20, 51000);
INSERT INTO `t_part` VALUES (783, 'SP000783', 'LENS L WINKER', 20, 39000);
INSERT INTO `t_part` VALUES (784, 'SP000784', 'DOWEL PIN,SPL 6.3X10X30', 20, 2500);
INSERT INTO `t_part` VALUES (785, 'SP000785', 'MIRROR L BACK', 20, 26000);
INSERT INTO `t_part` VALUES (786, 'SP000786', 'PLIER 200', 20, 131000);
INSERT INTO `t_part` VALUES (787, 'SP000787', 'STRIPE R MIDDLE C TOP', 20, 250000);
INSERT INTO `t_part` VALUES (788, 'SP000788', 'PACK. SET OLD BL PUMP', 20, 391400);
INSERT INTO `t_part` VALUES (789, 'SP000789', 'HARNESS,WIRE', 20, 137500);
INSERT INTO `t_part` VALUES (790, 'SP000790', 'REDUCER,MOTOR 8', 20, 302500);
INSERT INTO `t_part` VALUES (791, 'SP000791', 'SHAFT ROCKER ARM', 20, 10500);
INSERT INTO `t_part` VALUES (792, 'SP000792', 'Hndl Cov Garnish Pol. Red', 20, 83000);
INSERT INTO `t_part` VALUES (793, 'SP000793', 'SET ILL R REAR(HM WH)', 20, 153000);
INSERT INTO `t_part` VALUES (794, 'SP000794', 'MUFFLER ASSY EXH', 20, 450000);
INSERT INTO `t_part` VALUES (795, 'SP000795', 'CVR,FR TOP SET(JZ GN MT)', 20, 170000);
INSERT INTO `t_part` VALUES (796, 'SP000796', 'HOLDER L MAIN STEP', 20, 71500);
INSERT INTO `t_part` VALUES (797, 'SP000797', 'ARM ASSY  KICK STARTER', 20, 60000);
INSERT INTO `t_part` VALUES (798, 'SP000798', 'FENDER FR.B154', 20, 479300);
INSERT INTO `t_part` VALUES (799, 'SP000799', '90112KVB900', 20, 1200);
INSERT INTO `t_part` VALUES (800, 'SP000800', 'BOLT,STUD 2,10X25', 20, 11000);
INSERT INTO `t_part` VALUES (801, 'SP000801', 'GUIDE,L. WIREHARNESS', 20, 11200);
INSERT INTO `t_part` VALUES (802, 'SP000802', 'STOPPER COMP GEAR SHIFT DRUM', 20, 9500);
INSERT INTO `t_part` VALUES (803, 'SP000803', 'WASHER LOCK 20MM', 20, 3000);
INSERT INTO `t_part` VALUES (804, 'SP000804', 'HELMET PEARL WHITE', 20, 170000);
INSERT INTO `t_part` VALUES (805, 'SP000805', 'STRIPE BLACK BLUE L & R', 20, 185000);
INSERT INTO `t_part` VALUES (806, 'SP000806', 'BOX ASSY LUGGAGE', 20, 68000);
INSERT INTO `t_part` VALUES (807, 'SP000807', 'SPG,BRG PUSH', 20, 3000);
INSERT INTO `t_part` VALUES (808, 'SP000808', 'COVER,CALIPER', 20, 125000);
INSERT INTO `t_part` VALUES (809, 'SP000809', 'JOINT,BRK ROD', 20, 36000);
INSERT INTO `t_part` VALUES (810, 'SP000810', 'COVER R BODY (BR LM GR)', 20, 255000);
INSERT INTO `t_part` VALUES (811, 'SP000811', 'BOLT FLANGE 6X10', 20, 6000);
INSERT INTO `t_part` VALUES (812, 'SP000812', 'COVER R SD BLK(NO STRP)', 20, 52000);
INSERT INTO `t_part` VALUES (813, 'SP000813', 'KEY,SET', 20, 1053000);
INSERT INTO `t_part` VALUES (814, 'SP000814', '13000KYJ902', 20, 1628000);
INSERT INTO `t_part` VALUES (815, 'SP000815', 'TUBE SET PB(ASV)', 20, 6000);
INSERT INTO `t_part` VALUES (816, 'SP000816', 'CUSHION ASSY RR.', 20, 200000);
INSERT INTO `t_part` VALUES (817, 'SP000817', 'BOLT,FLANGE,NSHF,', 20, 5000);
INSERT INTO `t_part` VALUES (818, 'SP000818', 'CASE ASSY.', 20, 80000);
INSERT INTO `t_part` VALUES (819, 'SP000819', 'FRAME BODY', 20, 1018000);
INSERT INTO `t_part` VALUES (820, 'SP000820', 'SHIELD R LEG TPBL(Y)', 20, 166000);
INSERT INTO `t_part` VALUES (821, 'SP000821', 'ACC KIT SCOOPY FI GOLD', 20, 340000);
INSERT INTO `t_part` VALUES (822, 'SP000822', 'JACKET HRC BIRU', 20, 50000);
INSERT INTO `t_part` VALUES (823, 'SP000823', 'COVER L BODY (CN SC RD)', 20, 297000);
INSERT INTO `t_part` VALUES (824, 'SP000824', 'TUBE A AI', 20, 7500);
INSERT INTO `t_part` VALUES (825, 'SP000825', '9,34021E+11', 20, 3600);
INSERT INTO `t_part` VALUES (826, 'SP000826', 'SUB CORD, NEUTRAL', 20, 32900);
INSERT INTO `t_part` VALUES (827, 'SP000827', 'CLIP,COUPLER   L4,V6', 20, 164000);
INSERT INTO `t_part` VALUES (828, 'SP000828', 'COVER R SD(BLK)', 20, 67000);
INSERT INTO `t_part` VALUES (829, 'SP000829', 'BOLT SPECIAL FLANGE 8X38', 20, 2500);
INSERT INTO `t_part` VALUES (830, 'SP000830', 'O-RING,2.4X9.4', 20, 11000);
INSERT INTO `t_part` VALUES (831, 'SP000831', 'WASHER B (L)', 20, 1000);
INSERT INTO `t_part` VALUES (832, 'SP000832', 'COVER, BATTERY', 20, 10000);
INSERT INTO `t_part` VALUES (833, 'SP000833', 'BOLT,FLANGE10X110', 20, 45000);
INSERT INTO `t_part` VALUES (834, 'SP000834', 'GEAR C-3', 20, 46000);
INSERT INTO `t_part` VALUES (835, 'SP000835', 'TANK CM.FUEL B154M', 20, 3622000);
INSERT INTO `t_part` VALUES (836, 'SP000836', 'COVER HDL FR(ARED)', 20, 118000);
INSERT INTO `t_part` VALUES (837, 'SP000837', 'HALF, UPPER COMP', 20, 60000);
INSERT INTO `t_part` VALUES (838, 'SP000838', 'FUEL TANK (PAINT)', 20, 265000);
INSERT INTO `t_part` VALUES (839, 'SP000839', 'LENS L.RR.W/K.', 20, 27000);
INSERT INTO `t_part` VALUES (840, 'SP000840', 'MARK,HONDA 75 MM', 20, 2500);
INSERT INTO `t_part` VALUES (841, 'SP000841', 'STR.A,R.FR.UP.CWL.T3', 20, 32000);
INSERT INTO `t_part` VALUES (842, 'SP000842', 'HORN COMP (LOW)', 20, 40500);
INSERT INTO `t_part` VALUES (843, 'SP000843', 'STRIPE BLACK BLUE R', 20, 115000);
INSERT INTO `t_part` VALUES (844, 'SP000844', 'M.TONE LEMON YELLOW', 20, 210000);
INSERT INTO `t_part` VALUES (845, 'SP000845', 'GRIP L HDL', 20, 15500);
INSERT INTO `t_part` VALUES (846, 'SP000846', 'STRIPE A,R MIDDLE COWL T2', 20, 183000);
INSERT INTO `t_part` VALUES (847, 'SP000847', 'CAP FUEL FILLER', 20, 246000);
INSERT INTO `t_part` VALUES (848, 'SP000848', 'STRIPE BLACK GREEN L', 20, 115000);
INSERT INTO `t_part` VALUES (849, 'SP000849', 'WASHER,17X23X3', 20, 35000);
INSERT INTO `t_part` VALUES (850, 'SP000850', '06455-KW6-841', 20, 16800);
INSERT INTO `t_part` VALUES (851, 'SP000851', 'STATOR COMP', 20, 520000);
INSERT INTO `t_part` VALUES (852, 'SP000852', 'CABLE CM.SPEEDOMETER', 20, 98000);
INSERT INTO `t_part` VALUES (853, 'SP000853', 'STEP BAR ASSY', 20, 145000);
INSERT INTO `t_part` VALUES (854, 'SP000854', 'FORK L,GEAR SHIFT', 20, 342000);
INSERT INTO `t_part` VALUES (855, 'SP000855', 'PEDAL COMP., GEAR CHANGE', 20, 90000);
INSERT INTO `t_part` VALUES (856, 'SP000856', 'BOLT HEX 5X16', 20, 500);
INSERT INTO `t_part` VALUES (857, 'SP000857', 'SHIM,TAPPET (1.375)', 20, 50000);
INSERT INTO `t_part` VALUES (858, 'SP000858', 'THROTTLE CABLE', 20, 20000);
INSERT INTO `t_part` VALUES (859, 'SP000859', 'STRIPE WHITE BLUE R', 20, 100000);
INSERT INTO `t_part` VALUES (860, 'SP000860', 'GROMMET,PAD', 20, 25800);
INSERT INTO `t_part` VALUES (861, 'SP000861', 'COVER R SD A(BLK)', 20, 120000);
INSERT INTO `t_part` VALUES (862, 'SP000862', 'O-RING,FR FORK', 20, 3800);
INSERT INTO `t_part` VALUES (863, 'SP000863', 'CARBURETOR ASSY', 20, 1090200);
INSERT INTO `t_part` VALUES (864, 'SP000864', 'METER ASSY.,COMBINATION', 20, 1611100);
INSERT INTO `t_part` VALUES (865, 'SP000865', 'SPRING,KICK START', 20, 60000);
INSERT INTO `t_part` VALUES (866, 'SP000866', 'COLLAR L RR.', 20, 29600);
INSERT INTO `t_part` VALUES (867, 'SP000867', 'KIT MUFFLER GARN GUN MET', 20, 215000);
INSERT INTO `t_part` VALUES (868, 'SP000868', 'PISTON KIT (STD)', 20, 143000);
INSERT INTO `t_part` VALUES (869, 'SP000869', 'SHROUD L SLV(NO STRP)', 20, 97000);
INSERT INTO `t_part` VALUES (870, 'SP000870', 'BRACKET,R', 20, 85000);
INSERT INTO `t_part` VALUES (871, 'SP000871', 'AXLE RR WHEEL', 20, 21000);
INSERT INTO `t_part` VALUES (872, 'SP000872', 'STRIPE B, R.FUELTANK (2)', 20, 17600);
INSERT INTO `t_part` VALUES (873, 'SP000873', 'COVER L BODY(ARED)', 20, 187000);
INSERT INTO `t_part` VALUES (874, 'SP000874', 'O-RING,23X2.8', 20, 12000);
INSERT INTO `t_part` VALUES (875, 'SP000875', 'SCREW,PAN 4X10', 20, 15000);
INSERT INTO `t_part` VALUES (876, 'SP000876', 'NUT,FLANGE CAP', 20, 21000);
INSERT INTO `t_part` VALUES (877, 'SP000877', 'WIRE,HELMET SET', 20, 19000);
INSERT INTO `t_part` VALUES (878, 'SP000878', 'SUB COAD STARTER MOTOR', 20, 42000);
INSERT INTO `t_part` VALUES (879, 'SP000879', 'BOLT,FLANGE', 20, 13600);
INSERT INTO `t_part` VALUES (880, 'SP000880', 'STRIPE BLACK RED L', 20, 110000);
INSERT INTO `t_part` VALUES (881, 'SP000881', 'SET IL,R LEG SHIELD(BK-GN', 20, 49000);
INSERT INTO `t_part` VALUES (882, 'SP000882', 'CASE ASSY., UPPER', 20, 775000);
INSERT INTO `t_part` VALUES (883, 'SP000883', 'COVER R BODY SD', 20, 57000);
INSERT INTO `t_part` VALUES (884, 'SP000884', 'SEAT DOUBLE', 20, 197000);
INSERT INTO `t_part` VALUES (885, 'SP000885', 'COVER B R SD RD(NO STRP)', 20, 32000);
INSERT INTO `t_part` VALUES (886, 'SP000886', 'COVER L M/P(PL TW BL)', 20, 139000);
INSERT INTO `t_part` VALUES (887, 'SP000887', 'PIPE,SEAT', 20, 107000);
INSERT INTO `t_part` VALUES (888, 'SP000888', 'COVER R CRANK CASE', 20, 330000);
INSERT INTO `t_part` VALUES (889, 'SP000889', 'COVER L BODY(TH BL MT)', 20, 176000);
INSERT INTO `t_part` VALUES (890, 'SP000890', 'COVER UNDER L SD(PL ML CR)', 20, 91000);
INSERT INTO `t_part` VALUES (891, 'SP000891', 'GRIP R HDL', 20, 10500);
INSERT INTO `t_part` VALUES (892, 'SP000892', 'PUMP ASSY OIL', 20, 46000);
INSERT INTO `t_part` VALUES (893, 'SP000893', 'PISTON  STD', 20, 48000);
INSERT INTO `t_part` VALUES (894, 'SP000894', 'STRIPE SLVR BLK RED L & R', 20, 175000);
INSERT INTO `t_part` VALUES (895, 'SP000895', 'LENS WINKER L FR', 20, 8500);
INSERT INTO `t_part` VALUES (896, 'SP000896', 'COVER R BODY(PL FD WH)', 20, 242000);
INSERT INTO `t_part` VALUES (897, 'SP000897', 'COWL L MIDLE(BLK)', 20, 85000);
INSERT INTO `t_part` VALUES (898, 'SP000898', 'BOLT,HEX.,6X40', 20, 4000);
INSERT INTO `t_part` VALUES (899, 'SP000899', 'SUSPENSION ENGINE CONTROL', 20, 3500);
INSERT INTO `t_part` VALUES (900, 'SP000900', 'SPROCKET CAM', 20, 21000);
INSERT INTO `t_part` VALUES (901, 'SP000901', 'SPINDLE,GEARSHIFT', 20, 355000);
INSERT INTO `t_part` VALUES (902, 'SP000902', 'LABEL VISOR CAUTION', 20, 12000);
INSERT INTO `t_part` VALUES (903, 'SP000903', 'COVER RR CTR(PL FD WH)', 20, 27000);
INSERT INTO `t_part` VALUES (904, 'SP000904', 'PAD SET', 20, 48500);
INSERT INTO `t_part` VALUES (905, 'SP000905', 'SCREW,TAPPING 3X6', 20, 3500);
INSERT INTO `t_part` VALUES (906, 'SP000906', 'COVER HDL FR(CAND WBLU)', 20, 125000);
INSERT INTO `t_part` VALUES (907, 'SP000907', 'SET ILLUST TANK P20P', 20, 2989000);
INSERT INTO `t_part` VALUES (908, 'SP000908', 'GSKT,CLUTCH OUT', 20, 20000);
INSERT INTO `t_part` VALUES (909, 'SP000909', 'COWL RR.NH196', 20, 160000);
INSERT INTO `t_part` VALUES (910, 'SP000910', 'WEIGHT B ASSY STRG HDL(Y)', 20, 15000);
INSERT INTO `t_part` VALUES (911, 'SP000911', 'AIR CLEANER SET', 20, 237000);
INSERT INTO `t_part` VALUES (912, 'SP000912', 'SPRING PRIMARY CLUTCH', 20, 3500);
INSERT INTO `t_part` VALUES (913, 'SP000913', 'SHAFT,FLAP VALVE', 20, 165000);
INSERT INTO `t_part` VALUES (914, 'SP000914', 'CARRIER FR.', 20, 165000);
INSERT INTO `t_part` VALUES (915, 'SP000915', 'BOLT FLANGE 6X105', 20, 1500);
INSERT INTO `t_part` VALUES (916, 'SP000916', 'BOLT SWINGARM', 20, 19500);
INSERT INTO `t_part` VALUES (917, 'SP000917', 'LENS WINKER L RR', 20, 7000);
INSERT INTO `t_part` VALUES (918, 'SP000918', 'LENS TAILLIGHT', 20, 120000);
INSERT INTO `t_part` VALUES (919, 'SP000919', 'BOLT, FLANGE, 8X45', 20, 2000);
INSERT INTO `t_part` VALUES (920, 'SP000920', 'PIPE COMP FR FORK', 20, 238000);
INSERT INTO `t_part` VALUES (921, 'SP000921', 'COVER L CRANK CASE', 20, 270000);
INSERT INTO `t_part` VALUES (922, 'SP000922', 'WASHER, RR. AXLE', 20, 8000);
INSERT INTO `t_part` VALUES (923, 'SP000923', 'CABLE ASSY,SPDMT', 20, 91000);
INSERT INTO `t_part` VALUES (924, 'SP000924', 'PANEL TAIL R158', 20, 118100);
INSERT INTO `t_part` VALUES (925, 'SP000925', 'WASHER,THRUST', 20, 17000);
INSERT INTO `t_part` VALUES (926, 'SP000926', 'SEAT LOCK COMP', 20, 20000);
INSERT INTO `t_part` VALUES (927, 'SP000927', 'COVER R M/P SD(DG SL MT)', 20, 161000);
INSERT INTO `t_part` VALUES (928, 'SP000928', 'GEAR M-4', 20, 57000);
INSERT INTO `t_part` VALUES (929, 'SP000929', 'BOLT HS 6MM', 20, 12000);
INSERT INTO `t_part` VALUES (930, 'SP000930', 'HARNESS WIRE', 20, 350000);
INSERT INTO `t_part` VALUES (931, 'SP000931', 'ARM RR BRAKE', 20, 13000);
INSERT INTO `t_part` VALUES (932, 'SP000932', 'FORK ASSY R FR (DK)', 20, 384000);
INSERT INTO `t_part` VALUES (933, 'SP000933', 'CARBURETOR ASSY', 20, 1100000);
INSERT INTO `t_part` VALUES (934, 'SP000934', 'WINKER ASSY L FR', 20, 40000);
INSERT INTO `t_part` VALUES (935, 'SP000935', 'COVER INR RACK(PL ML CR)', 20, 144000);
INSERT INTO `t_part` VALUES (936, 'SP000936', 'WRENCH,BOX P18X19', 20, 50000);
INSERT INTO `t_part` VALUES (937, 'SP000937', 'STRIPE BLUE L', 20, 100000);
INSERT INTO `t_part` VALUES (938, 'SP000938', 'CAP BLEEDER', 20, 17000);
INSERT INTO `t_part` VALUES (939, 'SP000939', 'KEY SEAT LOCK', 20, 98000);
INSERT INTO `t_part` VALUES (940, 'SP000940', 'STRIPE CN SC RED L & R', 20, 180000);
INSERT INTO `t_part` VALUES (941, 'SP000941', 'SPEEDOMETER COMP', 20, 242000);
INSERT INTO `t_part` VALUES (942, 'SP000942', '11393107010', 20, 14200);
INSERT INTO `t_part` VALUES (943, 'SP000943', 'BOLT,SOCKET 6X16', 20, 2700);
INSERT INTO `t_part` VALUES (944, 'SP000944', 'GASKET,FUEL PUMP', 20, 95000);
INSERT INTO `t_part` VALUES (945, 'SP000945', 'RING SET, PISTON(0.75)', 20, 58000);
INSERT INTO `t_part` VALUES (946, 'SP000946', 'COVER,R BODY(PLS)', 20, 50500);
INSERT INTO `t_part` VALUES (947, 'SP000947', 'COTTER,VALVE', 20, 13200);
INSERT INTO `t_part` VALUES (948, 'SP000948', 'SPROCKET DRIVEN', 20, 134000);
INSERT INTO `t_part` VALUES (949, 'SP000949', 'LEVER SET,CHOKE', 20, 185000);
INSERT INTO `t_part` VALUES (950, 'SP000950', 'PISTON  (0.50)', 20, 65000);
INSERT INTO `t_part` VALUES (951, 'SP000951', 'BOOT,L LEVER', 20, 16000);
INSERT INTO `t_part` VALUES (952, 'SP000952', 'CASE  L FR BOTTOM', 20, 150000);
INSERT INTO `t_part` VALUES (953, 'SP000953', 'SWINGARM ASSY REAR SET', 20, 620000);
INSERT INTO `t_part` VALUES (954, 'SP000954', 'SCREW,TAPP 5X12', 20, 500);
INSERT INTO `t_part` VALUES (955, 'SP000955', 'COV.L.CR/CS', 20, 871000);
INSERT INTO `t_part` VALUES (956, 'SP000956', 'STRIPE BLACK YELLOW L & R', 20, 170000);
INSERT INTO `t_part` VALUES (957, 'SP000957', 'GEAR,C.SHAFT THIRD(23T)', 20, 47000);
INSERT INTO `t_part` VALUES (958, 'SP000958', 'BODY,FR CALIPER', 20, 1218000);
INSERT INTO `t_part` VALUES (959, 'SP000959', 'COLLAR SPRING', 20, 2000);
INSERT INTO `t_part` VALUES (960, 'SP000960', 'TUBE A/C CONNECTING', 20, 8500);
INSERT INTO `t_part` VALUES (961, 'SP000961', 'NUT,FLANGE,4MM', 20, 5000);
INSERT INTO `t_part` VALUES (962, 'SP000962', 'T-BOX 14 MM', 20, 119000);
INSERT INTO `t_part` VALUES (963, 'SP000963', 'DRIVER,OU.22 X 24MM', 20, 226000);
INSERT INTO `t_part` VALUES (964, 'SP000964', 'DLC SHORT CONNECTOR', 20, 146000);
INSERT INTO `t_part` VALUES (965, 'SP000965', 'LID,PLUG MAINTENANCE', 20, 12000);
INSERT INTO `t_part` VALUES (966, 'SP000966', 'GAUGE ASSY OIL LEVEL', 20, 7500);
INSERT INTO `t_part` VALUES (967, 'SP000967', 'SEALING CAP,CABLE', 20, 52000);
INSERT INTO `t_part` VALUES (968, 'SP000968', 'GEAR A,PRIM DRIVE', 20, 503300);
INSERT INTO `t_part` VALUES (969, 'SP000969', 'COVER L RR CRANK CASE', 20, 74000);
INSERT INTO `t_part` VALUES (970, 'SP000970', 'HONDA RC211V - TU.03', 20, 41000);
INSERT INTO `t_part` VALUES (971, 'SP000971', 'TOOL SET', 20, 270000);
INSERT INTO `t_part` VALUES (972, 'SP000972', 'TANK,FUEL (BLK)/4', 20, 324900);
INSERT INTO `t_part` VALUES (973, 'SP000973', 'COVER FR(AF BK MT)', 20, 271000);
INSERT INTO `t_part` VALUES (974, 'SP000974', 'PAD SET, RR', 20, 800000);
INSERT INTO `t_part` VALUES (975, 'SP000975', 'SWITCH ASSY RR STOP', 20, 44500);
INSERT INTO `t_part` VALUES (976, 'SP000976', 'PIPE SEAT', 20, 30000);
INSERT INTO `t_part` VALUES (977, 'SP000977', 'VALVE,SET FLOAT', 20, 115000);
INSERT INTO `t_part` VALUES (978, 'SP000978', 'COVER,DUCT', 20, 1500);
INSERT INTO `t_part` VALUES (979, 'SP000979', 'HARNESS, WIRE', 20, 689000);
INSERT INTO `t_part` VALUES (980, 'SP000980', 'BOLT FLANGE 10X40', 20, 4500);
INSERT INTO `t_part` VALUES (981, 'SP000981', 'FENDER RR INNER ASSY', 20, 21000);
INSERT INTO `t_part` VALUES (982, 'SP000982', 'BOLT FLANGE SH 6X12', 20, 6000);
INSERT INTO `t_part` VALUES (983, 'SP000983', '9,57011E+11', 20, 1000);
INSERT INTO `t_part` VALUES (984, 'SP000984', 'LENS L.RR.WINKER', 20, 37000);
INSERT INTO `t_part` VALUES (985, 'SP000985', 'COVER L BODY(IL SV MT)', 20, 234000);
INSERT INTO `t_part` VALUES (986, 'SP000986', 'BAJU SK CADANG PRIA B (L)', 20, 150000);
INSERT INTO `t_part` VALUES (987, 'SP000987', 'CAP 14MM', 20, 4500);
INSERT INTO `t_part` VALUES (988, 'SP000988', 'COVER FR TOP(BLK)', 20, 108000);
INSERT INTO `t_part` VALUES (989, 'SP000989', 'TUBE COMP,AIR VENT', 20, 30500);
INSERT INTO `t_part` VALUES (990, 'SP000990', 'BAJU PEML PRIA B (S)', 20, 150000);
INSERT INTO `t_part` VALUES (991, 'SP000991', 'WINKER ASSY L FR', 20, 35000);
INSERT INTO `t_part` VALUES (992, 'SP000992', 'SPRING, KICK RETURN', 20, 5000);
INSERT INTO `t_part` VALUES (993, 'SP000993', 'BOLT A STUD 7X193.5', 20, 8000);
INSERT INTO `t_part` VALUES (994, 'SP000994', 'STRIPE SILVER L & R', 20, 120000);
INSERT INTO `t_part` VALUES (995, 'SP000995', 'LOUVER R', 20, 53000);
INSERT INTO `t_part` VALUES (996, 'SP000996', 'ELEMENT,CLEANER', 20, 85000);
INSERT INTO `t_part` VALUES (997, 'SP000997', 'CUSHION ASSY RR', 20, 285000);
INSERT INTO `t_part` VALUES (998, 'SP000998', 'Fan Cover Pol. Pnk', 20, 73000);
INSERT INTO `t_part` VALUES (999, 'SP000999', 'COVER L M/P SD(DG SL MT)', 20, 382000);
INSERT INTO `t_part` VALUES (1000, 'SP001000', 'BULB W BASE (T10 12V1.7W)', 20, 3000);

-- ----------------------------
-- Table structure for t_pelanggan
-- ----------------------------
DROP TABLE IF EXISTS `t_pelanggan`;
CREATE TABLE `t_pelanggan`  (
  `id_pelanggan` int(11) NOT NULL AUTO_INCREMENT,
  `nomor_polisi` varchar(15) CHARACTER SET latin1 COLLATE latin1_swedish_ci NULL DEFAULT NULL,
  `nama_pelanggan` varchar(50) CHARACTER SET latin1 COLLATE latin1_swedish_ci NOT NULL,
  `alamat_pelanggan` varchar(500) CHARACTER SET latin1 COLLATE latin1_swedish_ci NULL DEFAULT NULL,
  `merk_type_kendaraan` varchar(50) CHARACTER SET latin1 COLLATE latin1_swedish_ci NULL DEFAULT NULL,
  `jenis_kendaraan` varchar(50) CHARACTER SET latin1 COLLATE latin1_swedish_ci NULL DEFAULT NULL,
  `isi_silinder` varchar(8) CHARACTER SET latin1 COLLATE latin1_swedish_ci NULL DEFAULT NULL,
  `nomor_rangka` varchar(10) CHARACTER SET latin1 COLLATE latin1_swedish_ci NULL DEFAULT NULL,
  `nomor_mesin` varchar(15) CHARACTER SET latin1 COLLATE latin1_swedish_ci NULL DEFAULT NULL,
  `bahan_bakar` varchar(10) CHARACTER SET latin1 COLLATE latin1_swedish_ci NULL DEFAULT NULL,
  PRIMARY KEY (`id_pelanggan`) USING BTREE
) ENGINE = InnoDB AUTO_INCREMENT = 2 CHARACTER SET = latin1 COLLATE = latin1_swedish_ci ROW_FORMAT = Compact;

-- ----------------------------
-- Records of t_pelanggan
-- ----------------------------
INSERT INTO `t_pelanggan` VALUES (1, 'D 1111 ZZ', 'Dudung Ramdani', 'KP Griya Bandung Asri II RT 01 RW 10 blok A 77', 'Honda NF 11B1D M/T', 'Sepeda Motor', '110 CC', 'MH1JBC121A', 'JBC1E21C2C3C', 'Bensin');

-- ----------------------------
-- Table structure for t_temp_trans_part
-- ----------------------------
DROP TABLE IF EXISTS `t_temp_trans_part`;
CREATE TABLE `t_temp_trans_part`  (
  `id_temp_trans_part` int(11) NOT NULL AUTO_INCREMENT,
  `tanggal` date NOT NULL,
  `id_part` int(11) NOT NULL,
  `harga` int(11) NOT NULL,
  `jumlah` int(11) NOT NULL,
  PRIMARY KEY (`id_temp_trans_part`) USING BTREE
) ENGINE = InnoDB AUTO_INCREMENT = 3 CHARACTER SET = latin1 COLLATE = latin1_swedish_ci ROW_FORMAT = Compact;

-- ----------------------------
-- Records of t_temp_trans_part
-- ----------------------------
INSERT INTO `t_temp_trans_part` VALUES (1, '0000-00-00', 57, 534000, 1);
INSERT INTO `t_temp_trans_part` VALUES (2, '0000-00-00', 685, 135000, 1);

-- ----------------------------
-- Table structure for t_temp_trans_service
-- ----------------------------
DROP TABLE IF EXISTS `t_temp_trans_service`;
CREATE TABLE `t_temp_trans_service`  (
  `id_temp_trans_service` int(11) NOT NULL AUTO_INCREMENT,
  `id_pelanggan` int(11) NOT NULL,
  `id_mekanik` int(11) NOT NULL,
  `tanggal` date NULL DEFAULT NULL,
  `id_jasa` int(11) NOT NULL,
  `harga` int(11) NOT NULL,
  PRIMARY KEY (`id_temp_trans_service`) USING BTREE
) ENGINE = InnoDB AUTO_INCREMENT = 1 CHARACTER SET = latin1 COLLATE = latin1_swedish_ci ROW_FORMAT = Compact;

-- ----------------------------
-- Table structure for t_trans_part
-- ----------------------------
DROP TABLE IF EXISTS `t_trans_part`;
CREATE TABLE `t_trans_part`  (
  `id_trans_part` int(11) NOT NULL AUTO_INCREMENT,
  `id_user` int(11) NOT NULL,
  `tanggal_trans_part` datetime(0) NOT NULL,
  PRIMARY KEY (`id_trans_part`) USING BTREE,
  INDEX `fkk1`(`id_user`) USING BTREE,
  CONSTRAINT `fkk1` FOREIGN KEY (`id_user`) REFERENCES `t_user` (`id_user`) ON DELETE RESTRICT ON UPDATE RESTRICT
) ENGINE = InnoDB AUTO_INCREMENT = 8 CHARACTER SET = latin1 COLLATE = latin1_swedish_ci ROW_FORMAT = Compact;

-- ----------------------------
-- Records of t_trans_part
-- ----------------------------
INSERT INTO `t_trans_part` VALUES (1, 1, '2018-06-19 17:27:43');
INSERT INTO `t_trans_part` VALUES (2, 1, '2018-07-19 17:29:23');
INSERT INTO `t_trans_part` VALUES (3, 1, '2018-09-01 17:30:45');
INSERT INTO `t_trans_part` VALUES (4, 1, '2019-01-30 17:31:45');
INSERT INTO `t_trans_part` VALUES (5, 1, '2019-04-01 17:52:49');
INSERT INTO `t_trans_part` VALUES (6, 1, '2019-04-01 19:52:49');
INSERT INTO `t_trans_part` VALUES (7, 1, '2019-10-22 22:03:10');

-- ----------------------------
-- Table structure for t_trans_service
-- ----------------------------
DROP TABLE IF EXISTS `t_trans_service`;
CREATE TABLE `t_trans_service`  (
  `id_trans_service` int(11) NOT NULL AUTO_INCREMENT,
  `id_pelanggan` int(11) NOT NULL,
  `id_mekanik` int(11) NOT NULL,
  `id_user` int(11) NOT NULL,
  `nomor_kwitansi` varchar(255) CHARACTER SET latin1 COLLATE latin1_swedish_ci NOT NULL,
  `tanggal_trans_service` datetime(0) NOT NULL,
  PRIMARY KEY (`id_trans_service`) USING BTREE,
  UNIQUE INDEX `nomor_transaksi`(`nomor_kwitansi`) USING BTREE,
  INDEX `fkts1`(`id_pelanggan`) USING BTREE,
  INDEX `fkts2`(`id_mekanik`) USING BTREE,
  INDEX `fkk2`(`id_user`) USING BTREE,
  CONSTRAINT `fkk2` FOREIGN KEY (`id_user`) REFERENCES `t_user` (`id_user`) ON DELETE RESTRICT ON UPDATE RESTRICT,
  CONSTRAINT `fkts1` FOREIGN KEY (`id_pelanggan`) REFERENCES `t_pelanggan` (`id_pelanggan`) ON DELETE RESTRICT ON UPDATE RESTRICT,
  CONSTRAINT `fkts2` FOREIGN KEY (`id_mekanik`) REFERENCES `t_mekanik` (`id_mekanik`) ON DELETE RESTRICT ON UPDATE RESTRICT
) ENGINE = InnoDB AUTO_INCREMENT = 8 CHARACTER SET = latin1 COLLATE = latin1_swedish_ci ROW_FORMAT = Compact;

-- ----------------------------
-- Records of t_trans_service
-- ----------------------------
INSERT INTO `t_trans_service` VALUES (1, 1, 1, 1, 'T0001', '2018-06-19 17:53:52');
INSERT INTO `t_trans_service` VALUES (2, 1, 1, 1, 'T0002', '2018-06-30 17:54:07');
INSERT INTO `t_trans_service` VALUES (3, 1, 1, 1, 'T0003', '2018-11-19 17:54:31');
INSERT INTO `t_trans_service` VALUES (4, 1, 1, 1, 'T0004', '2018-12-07 17:54:43');
INSERT INTO `t_trans_service` VALUES (5, 1, 1, 1, 'T0005', '2019-02-19 17:55:02');
INSERT INTO `t_trans_service` VALUES (6, 1, 1, 1, 'T0006', '2019-10-22 17:55:28');
INSERT INTO `t_trans_service` VALUES (7, 1, 1, 1, 'T0007', '2019-10-22 20:55:28');

-- ----------------------------
-- Table structure for t_user
-- ----------------------------
DROP TABLE IF EXISTS `t_user`;
CREATE TABLE `t_user`  (
  `id_user` int(11) NOT NULL AUTO_INCREMENT,
  `username` varchar(10) CHARACTER SET latin1 COLLATE latin1_swedish_ci NOT NULL,
  `password` varchar(10) CHARACTER SET latin1 COLLATE latin1_swedish_ci NOT NULL,
  PRIMARY KEY (`id_user`) USING BTREE
) ENGINE = InnoDB AUTO_INCREMENT = 2 CHARACTER SET = latin1 COLLATE = latin1_swedish_ci ROW_FORMAT = Compact;

-- ----------------------------
-- Records of t_user
-- ----------------------------
INSERT INTO `t_user` VALUES (1, 'admin', 'admin123');

SET FOREIGN_KEY_CHECKS = 1;
