/*
 Navicat Premium Data Transfer

 Source Server         : localhost_3306
 Source Server Type    : MySQL
 Source Server Version : 100130
 Source Host           : localhost:3306
 Source Schema         : db_bengkel

 Target Server Type    : MySQL
 Target Server Version : 100130
 File Encoding         : 65001

 Date: 20/06/2018 10:28:02
*/

SET NAMES utf8mb4;
SET FOREIGN_KEY_CHECKS = 0;

-- ----------------------------
-- Table structure for t_detail_jasa
-- ----------------------------
DROP TABLE IF EXISTS `t_detail_jasa`;
CREATE TABLE `t_detail_jasa`  (
  `id_detail_jasa` int(11) NOT NULL AUTO_INCREMENT,
  `id_jasa` int(11) NOT NULL,
  `id_part` int(11) NOT NULL,
  `jumlah_part` int(11) NOT NULL,
  PRIMARY KEY (`id_detail_jasa`) USING BTREE,
  INDEX `fkdj2`(`id_part`) USING BTREE,
  INDEX `fkdj1`(`id_jasa`) USING BTREE,
  CONSTRAINT `fkdj1` FOREIGN KEY (`id_jasa`) REFERENCES `t_jasa` (`id_jasa`) ON DELETE RESTRICT ON UPDATE RESTRICT,
  CONSTRAINT `fkdj2` FOREIGN KEY (`id_part`) REFERENCES `t_part` (`id_part`) ON DELETE RESTRICT ON UPDATE RESTRICT
) ENGINE = InnoDB AUTO_INCREMENT = 1 CHARACTER SET = latin1 COLLATE = latin1_swedish_ci ROW_FORMAT = Compact;

-- ----------------------------
-- Table structure for t_detail_trans_part
-- ----------------------------
DROP TABLE IF EXISTS `t_detail_trans_part`;
CREATE TABLE `t_detail_trans_part`  (
  `id_detail_trans_part` int(11) NOT NULL AUTO_INCREMENT,
  `id_trans_part` int(11) NOT NULL,
  `id_part` int(11) NOT NULL,
  `jumlah_part` int(11) NOT NULL,
  `harga` int(11) NOT NULL,
  PRIMARY KEY (`id_detail_trans_part`) USING BTREE,
  INDEX `fkdtp1`(`id_trans_part`) USING BTREE,
  INDEX `fkdtp2`(`id_part`) USING BTREE,
  CONSTRAINT `fkdtp1` FOREIGN KEY (`id_trans_part`) REFERENCES `t_trans_part` (`id_trans_part`) ON DELETE RESTRICT ON UPDATE RESTRICT,
  CONSTRAINT `fkdtp2` FOREIGN KEY (`id_part`) REFERENCES `t_part` (`id_part`) ON DELETE RESTRICT ON UPDATE RESTRICT
) ENGINE = InnoDB AUTO_INCREMENT = 6 CHARACTER SET = latin1 COLLATE = latin1_swedish_ci ROW_FORMAT = Compact;

-- ----------------------------
-- Records of t_detail_trans_part
-- ----------------------------
INSERT INTO `t_detail_trans_part` VALUES (1, 1, 4, 3, 12000);
INSERT INTO `t_detail_trans_part` VALUES (2, 2, 5, 4, 24000);
INSERT INTO `t_detail_trans_part` VALUES (3, 3, 5, 2, 12000);
INSERT INTO `t_detail_trans_part` VALUES (4, 4, 1, 2, 90000);
INSERT INTO `t_detail_trans_part` VALUES (5, 5, 1, 3, 135000);

-- ----------------------------
-- Table structure for t_detail_trans_service
-- ----------------------------
DROP TABLE IF EXISTS `t_detail_trans_service`;
CREATE TABLE `t_detail_trans_service`  (
  `id_detail_trans_service` int(11) NOT NULL AUTO_INCREMENT,
  `id_trans_service` int(11) NOT NULL,
  `id_jasa` int(11) NOT NULL,
  `harga` int(11) NOT NULL,
  PRIMARY KEY (`id_detail_trans_service`) USING BTREE,
  INDEX `fkdts1`(`id_trans_service`) USING BTREE,
  INDEX `fkdts2`(`id_jasa`) USING BTREE,
  CONSTRAINT `fkdts1` FOREIGN KEY (`id_trans_service`) REFERENCES `t_trans_service` (`id_trans_service`) ON DELETE RESTRICT ON UPDATE RESTRICT,
  CONSTRAINT `fkdts2` FOREIGN KEY (`id_jasa`) REFERENCES `t_jasa` (`id_jasa`) ON DELETE RESTRICT ON UPDATE RESTRICT
) ENGINE = InnoDB AUTO_INCREMENT = 7 CHARACTER SET = latin1 COLLATE = latin1_swedish_ci ROW_FORMAT = Compact;

-- ----------------------------
-- Records of t_detail_trans_service
-- ----------------------------
INSERT INTO `t_detail_trans_service` VALUES (1, 1, 1, 70000);
INSERT INTO `t_detail_trans_service` VALUES (2, 2, 2, 899000);
INSERT INTO `t_detail_trans_service` VALUES (3, 3, 3, 1500000);
INSERT INTO `t_detail_trans_service` VALUES (4, 4, 4, 900000);
INSERT INTO `t_detail_trans_service` VALUES (5, 5, 5, 5000000);
INSERT INTO `t_detail_trans_service` VALUES (6, 6, 1, 70000);

-- ----------------------------
-- Table structure for t_jasa
-- ----------------------------
DROP TABLE IF EXISTS `t_jasa`;
CREATE TABLE `t_jasa`  (
  `id_jasa` int(11) NOT NULL AUTO_INCREMENT,
  `no_jasa` varchar(255) CHARACTER SET latin1 COLLATE latin1_swedish_ci NOT NULL,
  `nama_jasa` varchar(50) CHARACTER SET latin1 COLLATE latin1_swedish_ci NOT NULL,
  `harga_jasa` int(11) NOT NULL,
  PRIMARY KEY (`id_jasa`) USING BTREE
) ENGINE = InnoDB AUTO_INCREMENT = 7 CHARACTER SET = latin1 COLLATE = latin1_swedish_ci ROW_FORMAT = Compact;

-- ----------------------------
-- Records of t_jasa
-- ----------------------------
INSERT INTO `t_jasa` VALUES (1, 'JS0001', 'Service A', 70000);
INSERT INTO `t_jasa` VALUES (2, 'JS0002', 'Service B', 899000);
INSERT INTO `t_jasa` VALUES (3, 'JS0003', 'Service C', 1500000);
INSERT INTO `t_jasa` VALUES (4, 'JS0004', 'Service D', 900000);
INSERT INTO `t_jasa` VALUES (5, 'JS0005', 'Service E', 5000000);
INSERT INTO `t_jasa` VALUES (6, 'JS0006', 'Service F', 300000);

-- ----------------------------
-- Table structure for t_mekanik
-- ----------------------------
DROP TABLE IF EXISTS `t_mekanik`;
CREATE TABLE `t_mekanik`  (
  `id_mekanik` int(11) NOT NULL AUTO_INCREMENT,
  `nama_mekanik` varchar(50) CHARACTER SET latin1 COLLATE latin1_swedish_ci NOT NULL,
  `alamat_mekanik` varchar(500) CHARACTER SET latin1 COLLATE latin1_swedish_ci NOT NULL,
  `nomor_telepon` varchar(15) CHARACTER SET latin1 COLLATE latin1_swedish_ci NOT NULL,
  PRIMARY KEY (`id_mekanik`) USING BTREE
) ENGINE = InnoDB AUTO_INCREMENT = 2 CHARACTER SET = latin1 COLLATE = latin1_swedish_ci ROW_FORMAT = Compact;

-- ----------------------------
-- Records of t_mekanik
-- ----------------------------
INSERT INTO `t_mekanik` VALUES (1, 'Budi Budianto', 'Geger Kalong', '085111222123');

-- ----------------------------
-- Table structure for t_part
-- ----------------------------
DROP TABLE IF EXISTS `t_part`;
CREATE TABLE `t_part`  (
  `id_part` int(11) NOT NULL AUTO_INCREMENT,
  `no_part` varchar(20) CHARACTER SET latin1 COLLATE latin1_swedish_ci NOT NULL,
  `nama_part` varchar(50) CHARACTER SET latin1 COLLATE latin1_swedish_ci NOT NULL,
  `stok_part` int(11) NOT NULL,
  `harga_part` int(11) NOT NULL,
  PRIMARY KEY (`id_part`) USING BTREE
) ENGINE = InnoDB AUTO_INCREMENT = 1001 CHARACTER SET = latin1 COLLATE = latin1_swedish_ci ROW_FORMAT = Compact;

-- ----------------------------
-- Records of t_part
-- ----------------------------
INSERT INTO `t_part` VALUES (1, '073080MB2020', 'BATTERY CHARGER MF', 18, 1200000);
INSERT INTO `t_part` VALUES (2, '16165KEV900', 'HOLDER,NEEDLE JET', 20, 83000);
INSERT INTO `t_part` VALUES (3, '50410440920', 'PIPE,RR', 20, 1126000);
INSERT INTO `t_part` VALUES (4, '90113KYJ710', 'SCREW PAN 6X12', 20, 4000);
INSERT INTO `t_part` VALUES (5, '19115KGH901', 'STAY RADIATOR LOWER', 20, 6000);
INSERT INTO `t_part` VALUES (6, '90003KEV650', 'BOLT ADAPTOR', 20, 12000);
INSERT INTO `t_part` VALUES (7, '88120KTMN00FMB', '88120KTM000FMB', 20, 45000);
INSERT INTO `t_part` VALUES (8, '871X0KZT900ZCL', 'STRIPE RED L', 20, 100000);
INSERT INTO `t_part` VALUES (9, '24436K15900', 'SPG,DRUM STOPPER', 20, 1500);
INSERT INTO `t_part` VALUES (10, '45510KW6841', 'CYLDR.SB.AS.FR.BK.MT', 19, 853500);
INSERT INTO `t_part` VALUES (11, '90031KGH900', 'BOLT,STUD CYLN', 20, 24100);
INSERT INTO `t_part` VALUES (12, '13012GN8922', 'RING SET (0.25)', 20, 238000);
INSERT INTO `t_part` VALUES (13, '1220AKVY960', 'HEAD CYLINDER ASSY', 20, 490000);
INSERT INTO `t_part` VALUES (14, '80110GN5900', 'MUDGUARD RR', 20, 10000);
INSERT INTO `t_part` VALUES (15, '33404K25901', 'SEAL, GASKET', 20, 1500);
INSERT INTO `t_part` VALUES (16, '90131KAN850', 'BOLT FLANGE 8X28', 20, 12000);
INSERT INTO `t_part` VALUES (17, '35150440920', 'SWITCH,LIGHT', 20, 1005000);
INSERT INTO `t_part` VALUES (18, '33150KVBN51', 'SOCKET HEADLIGHT ASSY', 20, 48000);
INSERT INTO `t_part` VALUES (19, '33100KRSA00', 'HEADLIGHT ASSY', 20, 165000);
INSERT INTO `t_part` VALUES (20, '53205KPH890FMB', '53205KPH730FMB', 20, 72300);
INSERT INTO `t_part` VALUES (21, '45450KEV880', 'CABLE,FR BRAKE', 20, 18400);
INSERT INTO `t_part` VALUES (22, '1136AKYE900', 'COVER L RR ASSY', 20, 57500);
INSERT INTO `t_part` VALUES (23, '50700K15900', 'HOLDER,L STEP', 20, 139000);
INSERT INTO `t_part` VALUES (24, '5210AKWC900', 'SWINGARM RR ASSY', 20, 370000);
INSERT INTO `t_part` VALUES (25, '64205166610', 'WASHER SCREEN SET', 20, 500);
INSERT INTO `t_part` VALUES (26, '17261KWN900', 'TUBE,DRAIN', 20, 9000);
INSERT INTO `t_part` VALUES (27, '50100KPP600ZB', 'FRAME BODY COMP(SH SL MT)', 20, 4767000);
INSERT INTO `t_part` VALUES (28, '51520KVY871', 'CASE  L FR BOTTOM', 20, 145000);
INSERT INTO `t_part` VALUES (29, '19742KZL930', 'CAP L. COVER', 20, 9500);
INSERT INTO `t_part` VALUES (30, '45108KWN931', 'PAD SPRING', 20, 32000);
INSERT INTO `t_part` VALUES (31, '50415GN5830', 'CAP,RR GRIP', 20, 800);
INSERT INTO `t_part` VALUES (32, '42610GBG305', 'FLNG.CM.FINAL', 20, 415000);
INSERT INTO `t_part` VALUES (33, '64421K16900FMB', 'COVER UNDER R SD(BLK)', 20, 117000);
INSERT INTO `t_part` VALUES (34, '38110440921', 'HORN COMP,R', 20, 600000);
INSERT INTO `t_part` VALUES (35, '61100KWWA00ISM', 'FENDER A FR(IL SV MT)', 20, 124000);
INSERT INTO `t_part` VALUES (36, 'WHT00BH0001', 'T SHIRT BEAT BIRU HIJAU', 20, 40000);
INSERT INTO `t_part` VALUES (37, 'WH2APW0102', 'BAJU PEML WNT A (L)', 20, 150000);
INSERT INTO `t_part` VALUES (38, '76050010100', 'OFFSET WR', 20, 3800);
INSERT INTO `t_part` VALUES (39, '131A2KFV951', 'PISTON KIT (0.25)', 20, 130000);
INSERT INTO `t_part` VALUES (40, '9390125080', 'SCREW,TAPPING,5X8', 20, 4000);
INSERT INTO `t_part` VALUES (41, '22105KWN901', 'BOSS,DRIVE FACE', 20, 25000);
INSERT INTO `t_part` VALUES (42, '50610KFV840', 'BAR COMP STEP', 20, 80000);
INSERT INTO `t_part` VALUES (43, 'H6110KWB920WP', 'FENDER FR(WITHOUT PNT)', 20, 113000);
INSERT INTO `t_part` VALUES (44, '1910CKWC900', 'HOSE WATER ASSY', 20, 26000);
INSERT INTO `t_part` VALUES (45, '11360KWB921', '1136AKWB920', 20, 15200);
INSERT INTO `t_part` VALUES (46, '40530KPK902', 'CHAIN,DRIVE (RK)', 20, 1004100);
INSERT INTO `t_part` VALUES (47, '28110KGH911', '28110KGH910', 20, 90500);
INSERT INTO `t_part` VALUES (48, '83600KZR600CSR', 'COVER L BODY(CN SC RD)', 20, 249000);
INSERT INTO `t_part` VALUES (49, '34901066003', '34901KFVB51', 20, 13000);
INSERT INTO `t_part` VALUES (50, 'H6441KTL690WP', 'COVER R BODY(WITHOUT PNT)', 20, 68000);
INSERT INTO `t_part` VALUES (51, '22630GB2000', '22630GB2001', 20, 130800);
INSERT INTO `t_part` VALUES (52, '50204KYJ900', 'STAY COMP,IGN.COIL', 20, 20000);
INSERT INTO `t_part` VALUES (53, '13381GB1900', 'PIN CRANK', 20, 172900);
INSERT INTO `t_part` VALUES (54, '64302KVB930ZJ', 'COVER  FR TOP (DL BL MT)', 20, 74000);
INSERT INTO `t_part` VALUES (55, '37800KW6901', 'FUEL UNIT', 20, 453000);
INSERT INTO `t_part` VALUES (56, '33710KTL690', 'BASE COMP', 20, 75000);
INSERT INTO `t_part` VALUES (57, '19080KYJ901', 'MOTOR ASSY,FAN', 20, 534000);
INSERT INTO `t_part` VALUES (58, '24410KGH900', 'PLATE COMP,SHIFT DRM STOP', 20, 71900);
INSERT INTO `t_part` VALUES (59, '772A0GN5830', 'COVER SEAT', 20, 72000);
INSERT INTO `t_part` VALUES (60, '64430KTM 850FMH', 'SHIELD,R LEG(STR SL MET)', 20, 173000);
INSERT INTO `t_part` VALUES (61, '64340KWC900CSR', 'COWL UNDER(CN SC RD)', 20, 109000);
INSERT INTO `t_part` VALUES (62, '90103GF6000', 'BOLT,FLANGE 6X24', 20, 20000);
INSERT INTO `t_part` VALUES (63, '53167KW6840', 'HOUSING UN.THROTTLE', 20, 35100);
INSERT INTO `t_part` VALUES (64, '90485040000', '90485040001', 20, 10200);
INSERT INTO `t_part` VALUES (65, '37750KPH702', '37750KPH701', 20, 62000);
INSERT INTO `t_part` VALUES (66, '22821KW6900', 'RECEIVER,CLUTCH', 20, 25900);
INSERT INTO `t_part` VALUES (67, '13105KWN902', '13105KWN903', 20, 203000);
INSERT INTO `t_part` VALUES (68, '11341KZR600', 'COVER,L SIDE', 20, 295000);
INSERT INTO `t_part` VALUES (69, '061A1439002', 'GASKET KIT A', 20, 50000);
INSERT INTO `t_part` VALUES (70, '64280KPPT00', 'COWL,L SIDE INNER', 20, 14000);
INSERT INTO `t_part` VALUES (71, '53105KWW640', 'WEIGHT A STRG HDL', 20, 14000);
INSERT INTO `t_part` VALUES (72, '77200KW6830', 'SEAT,DOUBLE', 20, 442900);
INSERT INTO `t_part` VALUES (73, '64400KTM850FMR', 'COVER R M/P(PRL BRL ORG)', 20, 185000);
INSERT INTO `t_part` VALUES (74, '18330KVR000SBM', 'MUFF,PROTEC(SP BL MT)', 20, 30000);
INSERT INTO `t_part` VALUES (75, '18292167890', 'PACKING,PROTECTOR', 20, 17000);
INSERT INTO `t_part` VALUES (76, '22350KWZ900', 'PLATE COMP DRIVE', 20, 128500);
INSERT INTO `t_part` VALUES (77, '89010K18900', 'TOOL SET', 20, 72000);
INSERT INTO `t_part` VALUES (78, '83500KGH900ZA', 'SET ILLUST,REAR COV T-1', 20, 92300);
INSERT INTO `t_part` VALUES (79, '45217166006', 'WASHER,TONGUED', 20, 32000);
INSERT INTO `t_part` VALUES (80, '38110GN5F00', 'HORN COMP', 20, 40000);
INSERT INTO `t_part` VALUES (81, '83600KVY960CSR', 'COVER L BODY(CN SC MT)', 20, 227000);
INSERT INTO `t_part` VALUES (82, '51420KPH881', 'CASE R FR BOTTOM', 20, 140000);
INSERT INTO `t_part` VALUES (83, '52200KW6305', 'SWING ARM SET', 20, 754200);
INSERT INTO `t_part` VALUES (84, '871X0KEVXX00D', '871X0KEV640ZD', 20, 185000);
INSERT INTO `t_part` VALUES (85, '2501840PU261TT', 'TIRE, FR (2.50-18 SU261)', 20, 143000);
INSERT INTO `t_part` VALUES (86, '871X0KTM850ZC', 'STRIPE SILVER BLACK L & R', 20, 215000);
INSERT INTO `t_part` VALUES (87, '9,60011E+11', 'BOLT,FLANGE 6X16', 20, 7000);
INSERT INTO `t_part` VALUES (88, '16400K25901', 'THROTTLE BODY ASSY', 20, 421500);
INSERT INTO `t_part` VALUES (89, '61100KZR600PFW', 'FENDER FR(PL FD WH)', 20, 183000);
INSERT INTO `t_part` VALUES (90, '53110KPH720', 'WEIGHT ASS STRHDL(Y)', 20, 18300);
INSERT INTO `t_part` VALUES (91, '07ZAFKGHT300', 'PLATE 200 X 200 X 20', 20, 742500);
INSERT INTO `t_part` VALUES (92, '35357HP0A01', 'SPRING, STOP SWITCH', 20, 1000);
INSERT INTO `t_part` VALUES (93, '871X0KFV860ZB', 'STRIPE BLACK BLUE  L & R', 20, 62000);
INSERT INTO `t_part` VALUES (94, '13104087713', 'PISTON  (0.75)', 20, 39100);
INSERT INTO `t_part` VALUES (95, '99103KBA0380', 'JET,SLOW 38', 20, 76000);
INSERT INTO `t_part` VALUES (96, 'H2220KBW901', 'DISK CLUTCH FRICTION', 20, 53000);
INSERT INTO `t_part` VALUES (97, '9452040000', 'CIRCLIP, INTERNAL, 40MM', 20, 10000);
INSERT INTO `t_part` VALUES (98, '18300GF6FM0', 'MUFFLER ASSY EXH', 20, 245000);
INSERT INTO `t_part` VALUES (99, '08E80KYE000', 'EMBLEM SET HONDA', 20, 82000);
INSERT INTO `t_part` VALUES (100, '08R00KYT800', 'RR GRIP ACCESORIES', 20, 98000);
INSERT INTO `t_part` VALUES (101, '31500KPH881', 'BATTERY GTZ5S GS', 20, 224000);
INSERT INTO `t_part` VALUES (102, '15100-KG2-010', '15100-KG2-010', 20, 718100);
INSERT INTO `t_part` VALUES (103, '13103KVY700', 'PISTON  (0.50)', 20, 50000);
INSERT INTO `t_part` VALUES (104, '9,57011E+11', 'BOLT,FLANGE 6X16', 20, 5000);
INSERT INTO `t_part` VALUES (105, '91204KK0003', 'OILSL,12X18X5', 20, 36000);
INSERT INTO `t_part` VALUES (106, '19127KPPT00', 'RUBBER,HORN', 20, 7000);
INSERT INTO `t_part` VALUES (107, '50380GN5912', 'CASE BATTERY', 20, 50000);
INSERT INTO `t_part` VALUES (108, '77239KZLA00', 'KEY SEAT LOCK', 20, 55000);
INSERT INTO `t_part` VALUES (109, '90488425000', 'WASHER SEALING', 20, 14200);
INSERT INTO `t_part` VALUES (110, '14321KVB900', 'SPROCKET CAM', 20, 15000);
INSERT INTO `t_part` VALUES (111, '16015KCJ710', 'CHAMBER SET, FLOAT', 20, 535000);
INSERT INTO `t_part` VALUES (112, '31200KFM901', 'MOTOR ASSY START', 20, 330000);
INSERT INTO `t_part` VALUES (113, '38120KCJ641', 'HORN COMP (LOW)', 20, 38000);
INSERT INTO `t_part` VALUES (114, '52200KYJ900', 'SWINGARM SUB ASSY,RR', 20, 1535000);
INSERT INTO `t_part` VALUES (115, '33400KG2910', 'WINKER ASSY', 20, 31000);
INSERT INTO `t_part` VALUES (116, '35010KW6960', 'KEY SET', 20, 1902800);
INSERT INTO `t_part` VALUES (117, '61100K15900ZB', 'FENDER FR(PL FD WH)', 20, 142000);
INSERT INTO `t_part` VALUES (118, '15100KCN010', 'PUMP ASSY,OIL', 20, 870000);
INSERT INTO `t_part` VALUES (119, '31100KPW871', 'AC GENERATOR ASSY', 20, 416500);
INSERT INTO `t_part` VALUES (120, '44606283000', 'BALANCER,WHEEL', 20, 34500);
INSERT INTO `t_part` VALUES (121, '64220KWZ750', 'STAY SET FR TOP COVER', 20, 34500);
INSERT INTO `t_part` VALUES (122, '18300KWC900', 'MUFFLER ASSY EXH', 20, 1430000);
INSERT INTO `t_part` VALUES (123, '871X0KEVA30ZA', 'STRIPE BLACK RED L & R', 20, 185000);
INSERT INTO `t_part` VALUES (124, '64350KGH900ZE', 'SHROUD,R.RADIATORR263', 20, 236100);
INSERT INTO `t_part` VALUES (125, '17920KCJ760', 'CABLE COMP B,THRO', 20, 38000);
INSERT INTO `t_part` VALUES (126, '8125AKYT940', 'BOX ASSY LUGGAGE', 20, 70500);
INSERT INTO `t_part` VALUES (127, '84155KZY700ZC', 'ST ILL CVR RR PR HIM WH', 20, 176000);
INSERT INTO `t_part` VALUES (128, '83500KZR600NOR', 'COVER R BODY(NI OR)', 20, 187000);
INSERT INTO `t_part` VALUES (129, '13021KBB305', 'RING SET (0.25)', 20, 337000);
INSERT INTO `t_part` VALUES (130, '22110KWB601', 'OUTER COMP CLUTCH', 20, 200000);
INSERT INTO `t_part` VALUES (131, '5210AKCJ670', 'SWINGARM ASSY REAR SET', 20, 500000);
INSERT INTO `t_part` VALUES (132, '33100K25901', 'LIGHT ASSY HEAD', 20, 170000);
INSERT INTO `t_part` VALUES (133, '17910K03N31', 'CABLE COMP A THROT', 20, 25000);
INSERT INTO `t_part` VALUES (134, '45410028000', 'ARM,FRONT BRAKE', 20, 73900);
INSERT INTO `t_part` VALUES (135, '14921KT7013', 'SHIM,TAPPET (1.700)', 20, 50000);
INSERT INTO `t_part` VALUES (136, '17920K03N31', 'CABLE COMP B THROT', 20, 23000);
INSERT INTO `t_part` VALUES (137, '15100KWB601', 'OIL PUMP ASSY', 20, 36500);
INSERT INTO `t_part` VALUES (138, '61100KYE940ZB', 'FENDER FR(PL TW BL)', 20, 275000);
INSERT INTO `t_part` VALUES (139, '64430KPW860FMP', 'SHIELD R LEG(SH PRL BLUE)', 20, 173000);
INSERT INTO `t_part` VALUES (140, '33112KWR003', 'COVER,RUBBER', 20, 19000);
INSERT INTO `t_part` VALUES (141, '33460KFE700', 'CORD COMP.,L FR.W', 20, 43000);
INSERT INTO `t_part` VALUES (142, '51520KPW861', 'CASE L FR BOTTOM', 20, 142000);
INSERT INTO `t_part` VALUES (143, '13011KG2315', 'RING SET (STD)', 20, 281000);
INSERT INTO `t_part` VALUES (144, '64430KTL690FMX', 'SHIELD R LEG(PRL FD WH)', 20, 167000);
INSERT INTO `t_part` VALUES (145, '16100KEG880', '16100KEG900', 20, 1330980);
INSERT INTO `t_part` VALUES (146, '91203750003', 'OIL SEAL,12X18X4', 20, 33500);
INSERT INTO `t_part` VALUES (147, '12100KGH901', 'CYLINDER COMP', 20, 325000);
INSERT INTO `t_part` VALUES (148, '9,57011E+11', 'BOLT,FLANGE 8X95', 20, 16000);
INSERT INTO `t_part` VALUES (149, '871X0K25910ZDL', 'STRIPE BLUE BLACK L', 20, 65000);
INSERT INTO `t_part` VALUES (150, '18421KBA901', 'RUBBER MUFFLER MOUNT', 20, 1000);
INSERT INTO `t_part` VALUES (151, '51489086000', 'BUSH,RUBBER', 20, 3900);
INSERT INTO `t_part` VALUES (152, '83106KPK900', 'BRKT,FR MAIN', 20, 48000);
INSERT INTO `t_part` VALUES (153, '52400KZLA01', 'CUSHION ASSY RR', 20, 189000);
INSERT INTO `t_part` VALUES (154, '91252030003S', '91252030003', 20, 10500);
INSERT INTO `t_part` VALUES (155, '16400K15901', 'THROTTLE BODY ASSY', 20, 889000);
INSERT INTO `t_part` VALUES (156, '51400KWWA31', 'FORK ASSY R FR', 20, 308000);
INSERT INTO `t_part` VALUES (157, '53208KYT900ZN', 'GARNISH L HDL(WN RD)', 20, 14000);
INSERT INTO `t_part` VALUES (158, '77200KVY700', 'SEAT COMP DOUBLE', 20, 175000);
INSERT INTO `t_part` VALUES (159, '871X0KCJ640ZCL', 'STRIPE GREY SILVER L', 20, 120000);
INSERT INTO `t_part` VALUES (160, '5038AKZLA00', 'CASE,BATTERY', 20, 14000);
INSERT INTO `t_part` VALUES (161, '90543MV9670', 'RUBBER, MOUNTING', 20, 66500);
INSERT INTO `t_part` VALUES (162, '23511KK3831', 'GEAR,M SHAFT 5TH', 20, 420000);
INSERT INTO `t_part` VALUES (163, '64500KEV900FMM', 'COVER FR TOP (CRBLU)', 20, 91000);
INSERT INTO `t_part` VALUES (164, '13014KW6305', 'RING SET (0.75)', 20, 368000);
INSERT INTO `t_part` VALUES (165, '53207KVLN01PFW', 'COVER SPDMTR(PL FD WH)R', 20, 42000);
INSERT INTO `t_part` VALUES (166, '53203KWWA00DSM', 'COVER HDL TOP(DG SL MT)', 20, 82000);
INSERT INTO `t_part` VALUES (167, '90402KPP900', 'WASHER 18.2X45X1.0', 20, 18000);
INSERT INTO `t_part` VALUES (168, '43516HA2000', 'RUBBER,MOUNTING', 20, 22000);
INSERT INTO `t_part` VALUES (169, '13103087713', 'PISTON  (0.50)', 20, 39100);
INSERT INTO `t_part` VALUES (170, '50351KWZ900', 'PLATE SKID', 20, 17500);
INSERT INTO `t_part` VALUES (171, '9,57011E+11', 'BOLT FLANGE 6X20', 20, 4000);
INSERT INTO `t_part` VALUES (172, '35750GB4680', 'CONTACT,NEUTRAL', 20, 55000);
INSERT INTO `t_part` VALUES (173, '42650KW6306ZB', 'WHEEL SET, RR.BLACK', 20, 2587000);
INSERT INTO `t_part` VALUES (174, '32411253001', '32411253000', 20, 8500);
INSERT INTO `t_part` VALUES (175, '43512KPPT01', 'HOSE,RR M/C', 20, 28000);
INSERT INTO `t_part` VALUES (176, '90441KW7931', 'PLATE BEARING HOLD', 20, 8500);
INSERT INTO `t_part` VALUES (177, '61101KBA900', 'STAY FR.FENDER', 20, 30500);
INSERT INTO `t_part` VALUES (178, '17568KTYD30', 'CLAMPER,F/FEED', 20, 11000);
INSERT INTO `t_part` VALUES (179, '90501GAH000', 'WASHER 14 MM', 20, 29000);
INSERT INTO `t_part` VALUES (180, '50530KWN900', 'BAR COMP,SIDE STAND', 20, 83000);
INSERT INTO `t_part` VALUES (181, '772A0GN5780', 'COVER SEAT /1', 20, 90000);
INSERT INTO `t_part` VALUES (182, '51401KPPT01', 'SPRING,FR FORK', 20, 56000);
INSERT INTO `t_part` VALUES (183, '45345399305', 'PAD B', 20, 278500);
INSERT INTO `t_part` VALUES (184, '91254KEJ900', 'DUST SEAL FR FORK', 20, 19500);
INSERT INTO `t_part` VALUES (185, '64322KBAK00ZB', 'STR.B,R.LOW.CWL.T2', 20, 120000);
INSERT INTO `t_part` VALUES (186, '871X0KVLN10ZA', 'STRIPE POWDER BLACK L & R', 20, 245000);
INSERT INTO `t_part` VALUES (187, '8010AKVR600', 'FENDER RR ASSY(A)', 20, 94000);
INSERT INTO `t_part` VALUES (188, '43431KWB600', 'ARM RR BRK STPR', 20, 15500);
INSERT INTO `t_part` VALUES (189, '91303377001', 'O RING 13.8 X 2.5', 20, 1000);
INSERT INTO `t_part` VALUES (190, '30530397003', 'COIL,IGNITION', 20, 576400);
INSERT INTO `t_part` VALUES (191, '81141KYT900TBT', 'COVER INNER(TI BE MT)', 20, 525000);
INSERT INTO `t_part` VALUES (192, 'H6442KTM850WP', 'COVER L BODY(WITHOUT PNT)', 20, 106000);
INSERT INTO `t_part` VALUES (193, '12311K18900', 'COVER COMP,CYLINDER HEAD', 20, 168000);
INSERT INTO `t_part` VALUES (194, '83500K16900FMB', 'COVER R BODY(BLK)', 20, 275000);
INSERT INTO `t_part` VALUES (195, '83500KVBN50CSR', 'COVER R BODY(CN SC RD)', 20, 269000);
INSERT INTO `t_part` VALUES (196, '53206KWB920', 'COVER ASSY HDL RR', 20, 23000);
INSERT INTO `t_part` VALUES (197, '32101KTM780', 'SUB HARNESS SPEEDOMETER', 20, 178500);
INSERT INTO `t_part` VALUES (198, '44601KVR622', 'CAST,FR WH(MAT AXGRY-A)', 20, 657000);
INSERT INTO `t_part` VALUES (199, '871X0KYZ660ZBR', 'STRIPE RED BLACK R', 20, 110000);
INSERT INTO `t_part` VALUES (200, '50383KW6900', 'CUSHION,SIDE COVR', 20, 1000);
INSERT INTO `t_part` VALUES (201, '871X0KRSA10ZB', 'STRIPE SILVER BLACK L & R', 20, 175000);
INSERT INTO `t_part` VALUES (202, '64301KVB900PFW', 'COVER,FR(PRL FD WHT)', 20, 105000);
INSERT INTO `t_part` VALUES (203, '13103KPH881', 'PISTON  (0.50)', 20, 62000);
INSERT INTO `t_part` VALUES (204, '33130KTL690', 'SOCKET COMP HEADLIGHT', 20, 18000);
INSERT INTO `t_part` VALUES (205, '19502KGH900', 'HOSE,WATER', 20, 42000);
INSERT INTO `t_part` VALUES (206, '53172KCWJ10', 'BRACKET,L BRAKE LEVER', 20, 198000);
INSERT INTO `t_part` VALUES (207, '52170KPPT00', 'SLIDER, CHAIN', 20, 39000);
INSERT INTO `t_part` VALUES (208, '19311K15900', 'CASE COMP THERMOSTAT', 20, 30000);
INSERT INTO `t_part` VALUES (209, 'Z610208', 'M.TONE MIRROR POLISH', 20, 415000);
INSERT INTO `t_part` VALUES (210, '18805KVY900', 'ELEMENT ASV A/C', 20, 3500);
INSERT INTO `t_part` VALUES (211, 'AHK00105000', 'Mr. HGP Shirt, MEDIUM', 20, 111000);
INSERT INTO `t_part` VALUES (212, '37200KCJ651', 'SPEEDOMETER ASSY', 20, 452000);
INSERT INTO `t_part` VALUES (213, '13105KCM001', 'PISTON  (1.00)', 20, 138500);
INSERT INTO `t_part` VALUES (214, '61303K18900ZA', 'COWL L FR SD(VO SL MT)', 20, 49000);
INSERT INTO `t_part` VALUES (215, '52170KYZ900', 'SLIDER CHAIN', 20, 14000);
INSERT INTO `t_part` VALUES (216, '32170KR5000', 'CLIP,WIRE HARNESS', 20, 2500);
INSERT INTO `t_part` VALUES (217, '88120KFM900', 'MIRROR ASSY L BACK', 20, 26000);
INSERT INTO `t_part` VALUES (218, '9403008000', 'NUT HEX 8MM', 20, 3500);
INSERT INTO `t_part` VALUES (219, '17230GN8920', 'CASE,AIR CLN HALF', 20, 12700);
INSERT INTO `t_part` VALUES (220, '07XMZMBW0101', 'HARNESS,INSPECTION', 20, 418000);
INSERT INTO `t_part` VALUES (221, '45521GW0911', 'PLATE,DIAPHRAGM', 20, 12000);
INSERT INTO `t_part` VALUES (222, '64450K07900ZB', 'SHIELD L LEG(BLK)', 20, 141000);
INSERT INTO `t_part` VALUES (223, '61306KC5000', 'GROMMET HEADLIGHT', 20, 500);
INSERT INTO `t_part` VALUES (224, '17514KW6960ZB', 'MARK, L. FUEL TANK TYPE2', 20, 13400);
INSERT INTO `t_part` VALUES (225, '871X0KVB940ZB', 'STRIPE ARCTIC WHITE L & R', 20, 195000);
INSERT INTO `t_part` VALUES (226, '90147KVB900', 'BOLT SPECIAL,6X16', 20, 4000);
INSERT INTO `t_part` VALUES (227, '24630KPH900', '24630KPH901', 20, 174800);
INSERT INTO `t_part` VALUES (228, '61100KZL930YB', 'FENDER FR.(VD BL MT)', 20, 181000);
INSERT INTO `t_part` VALUES (229, '24211KFM900', '2430AKFM900', 20, 181100);
INSERT INTO `t_part` VALUES (230, '33653KW6961', 'BASE COMP., RR.', 20, 50200);
INSERT INTO `t_part` VALUES (231, '22361KWZ900', 'PLATE CLUTCH SIDE', 20, 28000);
INSERT INTO `t_part` VALUES (232, '35350K15901', 'SWITCH ASSY RR STOP', 20, 54000);
INSERT INTO `t_part` VALUES (233, '50100KW6830', 'FRAME BODY', 20, 1070000);
INSERT INTO `t_part` VALUES (234, '90701KFM901', '90701KFM900', 20, 1000);
INSERT INTO `t_part` VALUES (235, '42615GF6911', 'BOLT STUD 8X40', 20, 1500);
INSERT INTO `t_part` VALUES (236, 'H6110KVLN00WP', 'FENDER A FR(WITHOUT PNT)', 20, 60000);
INSERT INTO `t_part` VALUES (237, 'Z61067S', 'Green Blink', 20, 175000);
INSERT INTO `t_part` VALUES (238, '51401KPH881', 'SPRING FR FORK', 20, 14000);
INSERT INTO `t_part` VALUES (239, '9,61406E+11', 'BEARING BALL 6302RS', 20, 20000);
INSERT INTO `t_part` VALUES (240, '92501080080A', 'BOLT.HEX,CAP 8X8', 20, 3500);
INSERT INTO `t_part` VALUES (241, '33703KCJ661', 'BASE COMP TAILLIGHT', 20, 95000);
INSERT INTO `t_part` VALUES (242, '22810KFM900', 'LEVER COMP.,CLUTC', 20, 217000);
INSERT INTO `t_part` VALUES (243, '8125AKWZ750', 'BOX ASSY LUGGAGE', 20, 68500);
INSERT INTO `t_part` VALUES (244, '871X0KVLN40ZDR', 'STRIPE LASER RED R', 20, 130000);
INSERT INTO `t_part` VALUES (245, 'Z611027S', 'Sunset Orange (U/C)', 20, 250000);
INSERT INTO `t_part` VALUES (246, '77460050100', 'REMOVER,SHAFT,BRG.', 20, 76000);
INSERT INTO `t_part` VALUES (247, '53100KW6900', 'PIPE,R STRG HANDL', 20, 327200);
INSERT INTO `t_part` VALUES (248, '61312KBP900', 'BOOT HEADLIGHT', 20, 2000);
INSERT INTO `t_part` VALUES (249, '1136AKWWA80', 'COVER COMP L RR', 20, 43000);
INSERT INTO `t_part` VALUES (250, '14761GBG900', 'SPRING,VALVE IN', 20, 28000);
INSERT INTO `t_part` VALUES (251, 'H6431KVB930WP', 'COVER FR(WITHOUT PNT)', 20, 87000);
INSERT INTO `t_part` VALUES (252, '38770K15902', 'UNIT COMP PGM-FI/IGN', 20, 690000);
INSERT INTO `t_part` VALUES (253, '9,57011E+11', 'BOLT FLANGE 6X30', 20, 1000);
INSERT INTO `t_part` VALUES (254, '9390325510', 'SCREW TAPPING 5X25', 20, 1000);
INSERT INTO `t_part` VALUES (255, '871X0KTL610ZA', 'STRIPE BLACK YELLOW L & R', 20, 190000);
INSERT INTO `t_part` VALUES (256, '53100K16900', 'PIPE COMP STRG HANDLE', 20, 127000);
INSERT INTO `t_part` VALUES (257, '43456KSP900', 'SPRING BRAKE ROD', 20, 1000);
INSERT INTO `t_part` VALUES (258, 'Z616031', 'M.TONE RED BROWN', 20, 210000);
INSERT INTO `t_part` VALUES (259, '16031KEH900', 'ARM SET,PUMP', 20, 465000);
INSERT INTO `t_part` VALUES (260, '46500KW6960', 'PEDAL COMP., BRAKE', 20, 82700);
INSERT INTO `t_part` VALUES (261, '24241KPH900', 'SHAFT GEAR SHIFT FORK', 20, 32000);
INSERT INTO `t_part` VALUES (262, '17510KPH900', 'FUEL TANK', 20, 291000);
INSERT INTO `t_part` VALUES (263, '17210K16900', 'ELEMENT COMP., AIR CLEANER', 20, 45000);
INSERT INTO `t_part` VALUES (264, '33452KEV920', 'LENS L.FR.WINKER', 20, 55000);
INSERT INTO `t_part` VALUES (265, '88114GN5900', 'CAP MIRROR STAY', 20, 1500);
INSERT INTO `t_part` VALUES (266, '38205115000', 'CASE,FUSE', 20, 205000);
INSERT INTO `t_part` VALUES (267, '13103KC5000', 'PISTON (0.50)', 20, 443000);
INSERT INTO `t_part` VALUES (268, '43130KVB901', 'BRAKE SHOE (NA)', 20, 58500);
INSERT INTO `t_part` VALUES (269, '35160KPPT02', 'SENSOR ASSY,BANK ANGLE', 20, 83000);
INSERT INTO `t_part` VALUES (270, '14500KWB600', 'ARM COMP, CAM CHN TNS', 20, 32000);
INSERT INTO `t_part` VALUES (271, '91306HB3003', 'O-RING,8X1.7', 20, 17000);
INSERT INTO `t_part` VALUES (272, '16111KBW900', 'VALVE,THROTTLE', 20, 465000);
INSERT INTO `t_part` VALUES (273, '16707KZVT01', 'FILTER SET', 20, 183000);
INSERT INTO `t_part` VALUES (274, '45210KET920', 'BRACKET FR CALIPR', 20, 149000);
INSERT INTO `t_part` VALUES (275, '50661K07900', 'RUBBER STEP', 20, 11000);
INSERT INTO `t_part` VALUES (276, '52101KWB920', 'BOLT SWINGARM PIVOT', 20, 22500);
INSERT INTO `t_part` VALUES (277, '77220KYE900', 'COWL RR L', 20, 20000);
INSERT INTO `t_part` VALUES (278, '91101GB2000', '91101GB2001', 20, 11200);
INSERT INTO `t_part` VALUES (279, '9820011500', 'FUSE 15A', 20, 1000);
INSERT INTO `t_part` VALUES (280, '22131KVB900', 'PLATE FRAME', 20, 28000);
INSERT INTO `t_part` VALUES (281, '90107KBW900', 'BOLTBREAK OFF', 20, 16000);
INSERT INTO `t_part` VALUES (282, '42701086911', 'RIM,RR.WHEEL', 20, 208400);
INSERT INTO `t_part` VALUES (283, '14546KPP900', '14546KPP901', 20, 13000);
INSERT INTO `t_part` VALUES (284, '90084KPP860', 'CAP ACG', 20, 10000);
INSERT INTO `t_part` VALUES (285, '9410208000', 'WASHER,PLAIN 8MM', 20, 2700);
INSERT INTO `t_part` VALUES (286, '51437KBG003', 'RING,PISTON', 20, 35000);
INSERT INTO `t_part` VALUES (287, '77230399007', 'KEY SEAT LOCK', 20, 375000);
INSERT INTO `t_part` VALUES (288, '35150GBG000', 'SW.ASSY START', 20, 397000);
INSERT INTO `t_part` VALUES (289, '64340K07900ZA', 'COVER CENTER', 20, 15000);
INSERT INTO `t_part` VALUES (290, '9390335210', 'SCREW TAPPING 5X12', 20, 1000);
INSERT INTO `t_part` VALUES (291, '90404KWW740', 'WASHER 8.5X26X2.3', 20, 1000);
INSERT INTO `t_part` VALUES (292, '90074MT4000', 'BOLT, SOCKET, 4X21', 20, 16000);
INSERT INTO `t_part` VALUES (293, '35759KYE900', 'CONTACT ASSY NEUTRAL SW', 20, 64000);
INSERT INTO `t_part` VALUES (294, '45251KR3001', 'DISK FR BRAKE', 20, 180000);
INSERT INTO `t_part` VALUES (295, '31120KYE902', 'STATOR COMP', 20, 145000);
INSERT INTO `t_part` VALUES (296, 'HB6203RS', 'BEARING,BALL', 20, 24000);
INSERT INTO `t_part` VALUES (297, '12191K15900', 'GASKET,CYLINDER', 20, 8000);
INSERT INTO `t_part` VALUES (298, '50710KET600', 'RUBBER,P.STEP', 20, 27800);
INSERT INTO `t_part` VALUES (299, '9,34011E+11', 'BOLT WASHER 6X16', 20, 1000);
INSERT INTO `t_part` VALUES (300, '18350KVR600', 'MUFFLER COMP, EXHAUST', 20, 300000);
INSERT INTO `t_part` VALUES (301, '772A0KRSA01', 'COVER SEAT', 20, 60000);
INSERT INTO `t_part` VALUES (302, '64311KTM950', '6431AKTM850', 20, 1500);
INSERT INTO `t_part` VALUES (303, '61100KYT940CSR', 'FENDER FR (CN SC RD)', 20, 209000);
INSERT INTO `t_part` VALUES (304, 'S7WHFM', 'SETTING SET(TIGER)', 20, 75000);
INSERT INTO `t_part` VALUES (305, '16236K07900', 'CLAMPER OVER FLOW', 20, 1000);
INSERT INTO `t_part` VALUES (306, '77230KCJ660BNS', 'COWL RR CNTR (BLK)', 20, 44000);
INSERT INTO `t_part` VALUES (307, '45157KWB600', 'CLAMPER B BRK HOSE', 20, 3500);
INSERT INTO `t_part` VALUES (308, '42303K18900', 'SLEEVE, RR. WHEEL', 20, 13000);
INSERT INTO `t_part` VALUES (309, '18660KGH901', 'STAY AICV', 20, 7500);
INSERT INTO `t_part` VALUES (310, '22847KE1000', 'ROD,CLUTCH LIFTER', 20, 25100);
INSERT INTO `t_part` VALUES (311, '33700KPW861', 'LIGHT ASSY RR COMB', 20, 145000);
INSERT INTO `t_part` VALUES (312, '64325K07900ZC', 'COVER R M/P SD(PL FD WH)', 20, 299000);
INSERT INTO `t_part` VALUES (313, '14461KVB900', 'SHAFT EX ROCKER ARM', 20, 4000);
INSERT INTO `t_part` VALUES (314, '9430208140', 'PIN,KNOCK,8X140', 20, 12000);
INSERT INTO `t_part` VALUES (315, '11100KC6405', 'CRANK CASE COMP,R', 20, 2670000);
INSERT INTO `t_part` VALUES (316, '9,61006E+11', 'BEARING,RADIAL', 20, 95000);
INSERT INTO `t_part` VALUES (317, '81312KW7900', 'COLLAR FR FENDER', 20, 2000);
INSERT INTO `t_part` VALUES (318, '53205KVY910FMB', 'COVER HDL FR(BLK)', 20, 75000);
INSERT INTO `t_part` VALUES (319, 'Z613029L', 'Starlight Silver', 20, 1000000);
INSERT INTO `t_part` VALUES (320, '23111KPH880', 'GEAR,PRIMARY DRIVEN', 20, 86500);
INSERT INTO `t_part` VALUES (321, '83710K15900ZE', 'COWL L RR(CN PM RD)', 20, 164000);
INSERT INTO `t_part` VALUES (322, '22815428000', 'SPRING, CLUTCH LEVER', 20, 1500);
INSERT INTO `t_part` VALUES (323, '53200KW6830', 'STEM COMP,STRG', 20, 836900);
INSERT INTO `t_part` VALUES (324, '950031100160M', 'TUBE,VINYL 11X1M', 20, 35000);
INSERT INTO `t_part` VALUES (325, '147A1KWB900', 'VALVE SET', 20, 53500);
INSERT INTO `t_part` VALUES (326, '90103GN5830', 'BOLT,FR TOPCOVER', 20, 19000);
INSERT INTO `t_part` VALUES (327, '51500KZLA01', 'FORK ASSY L FR (SLV)', 20, 283000);
INSERT INTO `t_part` VALUES (328, '08F61KVY740', 'KIT, CTR CVR GAR WHI', 20, 66000);
INSERT INTO `t_part` VALUES (329, '42711KYJ902', 'TIRE, RR (140/70-17 T/L)', 20, 620000);
INSERT INTO `t_part` VALUES (330, '1443AKZLC30', 'ARM ASSY IN VALVE ROCKER', 20, 110000);
INSERT INTO `t_part` VALUES (331, '90305MA1003', 'NUT,RR AXLE 14MM', 20, 50000);
INSERT INTO `t_part` VALUES (332, '45107440950', 'PISTON', 20, 208000);
INSERT INTO `t_part` VALUES (333, '32100KZRB10', 'HARNESS WIRE', 20, 580000);
INSERT INTO `t_part` VALUES (334, '17218K16900', 'TUBE, BREATHER', 20, 20000);
INSERT INTO `t_part` VALUES (335, '64500KVR600FMB', 'COVER FR TOP(BK)', 20, 143000);
INSERT INTO `t_part` VALUES (336, '14910KT7013', 'SHIM,TAPPET (1.425)', 20, 50000);
INSERT INTO `t_part` VALUES (337, '37302GN5731', 'PLT.ASSY REFCT.', 20, 175000);
INSERT INTO `t_part` VALUES (338, '28300KBP900', 'ARM AS.KICK S.', 20, 777100);
INSERT INTO `t_part` VALUES (339, '86641KYJ900ZC', 'MARK CBR250R', 20, 13000);
INSERT INTO `t_part` VALUES (340, '87121KBA850', 'MARK HECS.', 20, 2800);
INSERT INTO `t_part` VALUES (341, '45010GB6920FMB', 'PANEL,FR BRAKE /5', 20, 257000);
INSERT INTO `t_part` VALUES (342, '77236KVY900', 'WASHER SEAT LOCK', 20, 2500);
INSERT INTO `t_part` VALUES (343, '31600KVBT01', 'REGULATOR REC COMP', 20, 385000);
INSERT INTO `t_part` VALUES (344, '87124GBG910FMD', 'COVER RR B(ARED)', 20, 22000);
INSERT INTO `t_part` VALUES (345, '50602KSP900', 'PIN MAIN STEP BAR JOINT', 20, 3000);
INSERT INTO `t_part` VALUES (346, '18604AKEH600', '1860AKEH600', 20, 10500);
INSERT INTO `t_part` VALUES (347, '81133KWN710', 'SEAL, INNER COVER', 20, 12000);
INSERT INTO `t_part` VALUES (348, '64340KEV830FMN', 'COVER L BODY (MA AX GY)', 20, 157000);
INSERT INTO `t_part` VALUES (349, '96001060220A', 'BOLT,FL SH 6X22.3', 20, 4500);
INSERT INTO `t_part` VALUES (350, '23441KYJ900', 'GEAR,M-3/M-4', 20, 637000);
INSERT INTO `t_part` VALUES (351, '90315504000', 'NUT,SPEED 3MM', 20, 13500);
INSERT INTO `t_part` VALUES (352, '90304KCS920', 'NUT,FLANGE 10MM', 20, 7400);
INSERT INTO `t_part` VALUES (353, '76030080300', '*BIT LONG NO 2', 20, 1100);
INSERT INTO `t_part` VALUES (354, '83600KZL930ZE', 'COVER L BODY (BLK)', 20, 219000);
INSERT INTO `t_part` VALUES (355, '9500202070', '9500202071', 20, 2900);
INSERT INTO `t_part` VALUES (356, '77322KPK900', 'COVER,BACK REST', 20, 29000);
INSERT INTO `t_part` VALUES (357, '871X0KYZ710ZBL', 'STRIPE SILVER BLUE L', 20, 110000);
INSERT INTO `t_part` VALUES (358, '64300KGH920ZB', 'SET ILLUST,R RDTR SHR.T-2', 20, 249900);
INSERT INTO `t_part` VALUES (359, '28110KCN000', 'GEAR COMP,START', 20, 449000);
INSERT INTO `t_part` VALUES (360, '61305KSPB00MTB', 'COVER METER B(MT BK)', 20, 67000);
INSERT INTO `t_part` VALUES (361, '0702S002000IN', 'O2 SENSOR WRENCH', 20, 80000);
INSERT INTO `t_part` VALUES (362, 'AHPS0102006', 'SPACY POLO SHIRT RED W-M', 20, 80000);
INSERT INTO `t_part` VALUES (363, '38500KWW710', 'RELAY START ASSY', 20, 40000);
INSERT INTO `t_part` VALUES (364, '64473KW6960ZC', 'STRP D, R.LWR COWL LID (3', 20, 19300);
INSERT INTO `t_part` VALUES (365, '15101KPH900', 'BODY, OIL PUMP', 20, 40300);
INSERT INTO `t_part` VALUES (366, '11215KSP910', 'PLUG BEARING PUSH', 20, 5500);
INSERT INTO `t_part` VALUES (367, '644A0KTL690FMH', 'SHIELD SET LEG(SLV)', 20, 251000);
INSERT INTO `t_part` VALUES (368, '44601KVB946', 'CAST, WHEEL FR (RO WH)', 20, 500000);
INSERT INTO `t_part` VALUES (369, '61103KBB900', 'RUBBER A RR FENDER', 20, 2000);
INSERT INTO `t_part` VALUES (370, '16131ZW9802', 'PLATE SET', 20, 2500);
INSERT INTO `t_part` VALUES (371, '89216GFC950', 'WRENCH, PLUG 16', 20, 7500);
INSERT INTO `t_part` VALUES (372, '93500050320G', 'SCREW, PAN, 5X32', 20, 4500);
INSERT INTO `t_part` VALUES (373, '61100KZR600SPB', 'FENDER FR(SL BL MT)', 20, 193000);
INSERT INTO `t_part` VALUES (374, '9,38941E+11', 'SCREW-WASH.,5X14', 20, 1500);
INSERT INTO `t_part` VALUES (375, '44819KWC900', 'CLAMPER B SPDMT CORD', 20, 2500);
INSERT INTO `t_part` VALUES (376, '45465KC5920', 'CLAMP BRAKE HOSE', 20, 4500);
INSERT INTO `t_part` VALUES (377, '06435KPPT01', 'PAD SET, RR.', 20, 249000);
INSERT INTO `t_part` VALUES (378, '90502KWC900', 'COLLAR 5X2.0', 20, 1000);
INSERT INTO `t_part` VALUES (379, '13105GB1001', 'PISTON  (1.00)', 20, 39100);
INSERT INTO `t_part` VALUES (380, '50270KBW900YNS', 'SHROUD L YLW(NO STRP)', 20, 75000);
INSERT INTO `t_part` VALUES (381, '87100AHAFMB', 'HELMET SPEED RIDER BLACK', 20, 180000);
INSERT INTO `t_part` VALUES (382, '17111GB0911', 'PIPE,INLET', 20, 275000);
INSERT INTO `t_part` VALUES (383, '23100KVB901', 'BELT DRIVE', 20, 130000);
INSERT INTO `t_part` VALUES (384, '24306GB4771', 'PLATE DRUM LOCK', 20, 9000);
INSERT INTO `t_part` VALUES (385, '871X0KTM850ZD', 'STRIPE BLUE WHITE L & R', 20, 215000);
INSERT INTO `t_part` VALUES (386, '32100KWWA50', 'HARNESS WIRE', 20, 230000);
INSERT INTO `t_part` VALUES (387, '19115KGH900', 'STAY,RADIATOR LOWER', 20, 5600);
INSERT INTO `t_part` VALUES (388, '37200KWWA91', 'SPEEDOMETER ASSY', 20, 357000);
INSERT INTO `t_part` VALUES (389, '871X0KWWA70ZBR', 'STRIPE BLACK SILVER R', 20, 115000);
INSERT INTO `t_part` VALUES (390, '38517KYJ910', 'CLAMPER,SPD SENSO(550)', 20, 23000);
INSERT INTO `t_part` VALUES (391, '08R80KYEA00', 'VISOR', 20, 72500);
INSERT INTO `t_part` VALUES (392, '16502880000', 'WASHER,SWITCH BOS', 20, 5000);
INSERT INTO `t_part` VALUES (393, '17910KTL690', 'CABLE COMP, THROT', 20, 19000);
INSERT INTO `t_part` VALUES (394, '33405KBP901', 'PACKING WINKER LENS', 20, 5600);
INSERT INTO `t_part` VALUES (395, '33402KWB921', 'LENS WINKER R FR', 20, 8000);
INSERT INTO `t_part` VALUES (396, '12200KVY900', 'HEAD COMP., CYLINDER', 20, 835000);
INSERT INTO `t_part` VALUES (397, '91259KM1003', 'SEAL 25X47X5', 20, 12000);
INSERT INTO `t_part` VALUES (398, '90437GM0000', 'WASHER,6X12', 20, 12500);
INSERT INTO `t_part` VALUES (399, '51432GE4003', 'PIECE OIL LOCK', 20, 35300);
INSERT INTO `t_part` VALUES (400, '9,57001E+11', 'BOLT,FLANGE 6X18', 20, 3500);
INSERT INTO `t_part` VALUES (401, '37870KRJ901', 'SENSOR ASSY,TW', 20, 290000);
INSERT INTO `t_part` VALUES (402, '90107MBG000', 'BOLT,ONE-WAY 8MM', 20, 13000);
INSERT INTO `t_part` VALUES (403, '8114AKZR600ZB', 'COVER INNER LOWER ASSY', 20, 70000);
INSERT INTO `t_part` VALUES (404, '19517MB6000', 'CLAMP B,WATERHOSE', 20, 43500);
INSERT INTO `t_part` VALUES (405, '90702HC4000', 'PIN DOWEL 8X16', 20, 2000);
INSERT INTO `t_part` VALUES (406, '50199KW6960', 'BOX, BATTERY', 20, 30100);
INSERT INTO `t_part` VALUES (407, '50285KCJ650ZG', 'PANEL L SHRD(AF BK MT)', 20, 42000);
INSERT INTO `t_part` VALUES (408, '81252KVY900', 'CAP LUGGAGE BOX', 20, 2500);
INSERT INTO `t_part` VALUES (409, '43431GN5830', 'ARM REAR BRAKE STOPPER', 20, 8000);
INSERT INTO `t_part` VALUES (410, '80100KTL690', 'FENDER RR ASSY', 20, 93000);
INSERT INTO `t_part` VALUES (411, '16199KCJ710', 'TUBE', 20, 55000);
INSERT INTO `t_part` VALUES (412, '33402KG2910', 'LENS WINKER R FR', 20, 10000);
INSERT INTO `t_part` VALUES (413, '17910KW6840', 'CABLE COMP THROTTLE', 20, 191900);
INSERT INTO `t_part` VALUES (414, '871X0KZRB00ZEL', 'STRIPE WHITE RED L', 20, 100000);
INSERT INTO `t_part` VALUES (415, '61100KCJ660FMH', 'FENDER FR(STR SLV MET)', 20, 188000);
INSERT INTO `t_part` VALUES (416, '23441KCJ710', 'GEAR,M SHAFT 2ND', 20, 196500);
INSERT INTO `t_part` VALUES (417, '22100KYZ901', 'OUTER COMP CLUTCH', 20, 200000);
INSERT INTO `t_part` VALUES (418, '77201439000', 'HINGE,SEAT', 20, 15800);
INSERT INTO `t_part` VALUES (419, '44650KW6306ZC', 'WHEEL SET,FR.FIGHTING RED', 20, 3270400);
INSERT INTO `t_part` VALUES (420, '13103KW6305', 'PISTON (0.50)', 20, 610000);
INSERT INTO `t_part` VALUES (421, '9,38911E+11', 'SCREW WASHER 5X10', 20, 500);
INSERT INTO `t_part` VALUES (422, '87561KBP900', 'LABEL, OILMIXPROHIBITION', 20, 1700);
INSERT INTO `t_part` VALUES (423, '30400KEH660', 'UNIT ASSY,CDI', 20, 218500);
INSERT INTO `t_part` VALUES (424, '13000GF6910', 'CRANKSHAFT COMP', 20, 1920500);
INSERT INTO `t_part` VALUES (425, '871X0KTMN00ZB', 'STRIPE EMERALD GREEN L &R', 20, 215000);
INSERT INTO `t_part` VALUES (426, '64395KWC900DGM', 'COVER UTI LID(DB GL MT)', 20, 41000);
INSERT INTO `t_part` VALUES (427, '51520KWWA01', 'CASE COPM L FR BOTTOM', 20, 128000);
INSERT INTO `t_part` VALUES (428, '9500202120', 'CLIP B12,TUBE', 20, 3500);
INSERT INTO `t_part` VALUES (429, '19507KVB900', 'JOINT THREE WAY HOUSE', 20, 4500);
INSERT INTO `t_part` VALUES (430, '31110KTM781', 'FLYWHEEL COMP', 20, 265000);
INSERT INTO `t_part` VALUES (431, '22011GCC770', 'PIECE SLIDE', 20, 8000);
INSERT INTO `t_part` VALUES (432, '44830KWB940', 'CABLE COMP,SPDMT', 20, 25000);
INSERT INTO `t_part` VALUES (433, 'AHTS1002005', 'VARIO T-SHIRT 1 BLUE W-S', 20, 65000);
INSERT INTO `t_part` VALUES (434, '30400KWWA81', 'CDI UNIT', 20, 309000);
INSERT INTO `t_part` VALUES (435, '91205KF0005', 'OIL SEAL 12X20X5', 20, 5000);
INSERT INTO `t_part` VALUES (436, '52170KYJ900', 'SLIDER CHAIN', 20, 30000);
INSERT INTO `t_part` VALUES (437, '23241KWZ900', 'GUIDE OIL SEAL', 20, 8000);
INSERT INTO `t_part` VALUES (438, '33706KCJ616', 'PACKING', 20, 2500);
INSERT INTO `t_part` VALUES (439, '37211KGH901', 'CASE, METER UPPER', 20, 284800);
INSERT INTO `t_part` VALUES (440, '94021060700S', 'NUT,CAP 6MM', 20, 6000);
INSERT INTO `t_part` VALUES (441, '81131KVBN50PFW', 'COVER INNER (PL FD WH)', 20, 246000);
INSERT INTO `t_part` VALUES (442, '90017GCC000', 'BOLT HEAD COVER', 20, 2500);
INSERT INTO `t_part` VALUES (443, '08F44KVYVRED', 'GARNISH FAN RED', 20, 70000);
INSERT INTO `t_part` VALUES (444, '871X0K46N00ZDR', 'STRIPE RED SILVER R', 20, 100000);
INSERT INTO `t_part` VALUES (445, '38770KYJ961', 'UNIT COMP,PGM-FI/N', 20, 1582000);
INSERT INTO `t_part` VALUES (446, '79022500000', 'SPANN.PIN SWICTH', 20, 8750);
INSERT INTO `t_part` VALUES (447, '13102GB6912', 'PISTON  (0.25)', 20, 39100);
INSERT INTO `t_part` VALUES (448, '1320AKYE900', 'ROD ASSY CONNECTING', 20, 230000);
INSERT INTO `t_part` VALUES (449, '9411105700', 'WASHER,SPRING 5MM', 20, 2700);
INSERT INTO `t_part` VALUES (450, '24241107000', 'SHIFT,FORK GUIDE', 20, 85000);
INSERT INTO `t_part` VALUES (451, '13014GN5961', 'RING SET (0.75)', 20, 135800);
INSERT INTO `t_part` VALUES (452, '90752035000S', 'SDD 21X35X7', 20, 7500);
INSERT INTO `t_part` VALUES (453, '30372KC6000', 'GASKET,COVER', 20, 32000);
INSERT INTO `t_part` VALUES (454, '33701KYZ901', 'LENS R. WINKER', 20, 24000);
INSERT INTO `t_part` VALUES (455, '64310GN8920FMG', 'COVER,FR TP(WHT)', 20, 20300);
INSERT INTO `t_part` VALUES (456, '1736AKZLA00', 'TUBE A SUB AIR CLEANER A', 20, 10000);
INSERT INTO `t_part` VALUES (457, '51400KWC901', 'FORK ASSY R FR', 20, 391000);
INSERT INTO `t_part` VALUES (458, '16165397691', 'HOLDER NEEDLE(K6)', 20, 140500);
INSERT INTO `t_part` VALUES (459, '06531KW6840', 'BALL ASSY,8X18', 20, 69500);
INSERT INTO `t_part` VALUES (460, '53215KWC900', 'STAY HORN', 20, 3000);
INSERT INTO `t_part` VALUES (461, '38120440921', 'HORN COMP,L', 20, 349000);
INSERT INTO `t_part` VALUES (462, '17631096701', 'PACKING FUEL FILL', 20, 15000);
INSERT INTO `t_part` VALUES (463, '44830GB6930', 'CABLE,SPEEDOMTR', 20, 16000);
INSERT INTO `t_part` VALUES (464, '79163710101', 'SOCKET,STR.STEM', 20, 750000);
INSERT INTO `t_part` VALUES (465, '11200-KC6-960', '11200-KC6-960', 20, 35600);
INSERT INTO `t_part` VALUES (466, '23451KCJ710', 'GEAR,C SHAFT 2ND', 20, 313000);
INSERT INTO `t_part` VALUES (467, '90107KW7900', '90107KW7901', 20, 3900);
INSERT INTO `t_part` VALUES (468, '37223GN5831', 'SOCKET COMP', 20, 41000);
INSERT INTO `t_part` VALUES (469, '33120KEV950', 'HEADLIGHT UNIT', 20, 60000);
INSERT INTO `t_part` VALUES (470, '22820GN5910', 'PLATE COMP,CLUTCH', 20, 145000);
INSERT INTO `t_part` VALUES (471, '28133KPP900', 'COLLAR,STARTER', 20, 4000);
INSERT INTO `t_part` VALUES (472, '41200KCJ690', 'SPROCKET DRIVEN', 20, 155000);
INSERT INTO `t_part` VALUES (473, '31502KEH900', 'TUBE,BATTERY BREA', 20, 64500);
INSERT INTO `t_part` VALUES (474, 'HB6000', 'BEARING,BALL', 20, 14500);
INSERT INTO `t_part` VALUES (475, 'H3340GN5841', 'LENS, R FR WINKER', 20, 6800);
INSERT INTO `t_part` VALUES (476, '64430KEV900FMT', 'SHIELD R LEG TPBL', 20, 183000);
INSERT INTO `t_part` VALUES (477, '90102KWN900', 'BOLT,FLANGE 10X65', 20, 40000);
INSERT INTO `t_part` VALUES (478, '51401KZY702', 'SPRING, FR. FORK', 20, 213000);
INSERT INTO `t_part` VALUES (479, '22120KPPT01', 'CENTER,CLUTCH', 20, 60000);
INSERT INTO `t_part` VALUES (480, '871X0KVY960ZBL', 'STRIPE WHITE L', 20, 68000);
INSERT INTO `t_part` VALUES (481, '13041KZR600', 'RING SET, PISTON (0,75)', 20, 60000);
INSERT INTO `t_part` VALUES (482, '13104GB6912', 'PISTON  (0.75)', 20, 39100);
INSERT INTO `t_part` VALUES (483, '23502KYJ900', 'COLLAR,SPLINE 23M', 20, 127000);
INSERT INTO `t_part` VALUES (484, '19105K15900', 'CAP ASSY,RES TANK', 20, 4000);
INSERT INTO `t_part` VALUES (485, '45250KEH305', 'CALIPER SUB ASSY', 20, 1267300);
INSERT INTO `t_part` VALUES (486, '40510GN5730ZF', 'CASE DR.CHN.UP.NH364', 20, 280000);
INSERT INTO `t_part` VALUES (487, '43468KFK630', 'GUIDE,RR BRK HOSE', 20, 42000);
INSERT INTO `t_part` VALUES (488, '9,50058E+11', 'TUBE,8X770', 20, 40000);
INSERT INTO `t_part` VALUES (489, '22810GN5910', '22810KTL740', 20, 85000);
INSERT INTO `t_part` VALUES (490, '35170KPH901', 'SWITCH UNIT DIMMER', 20, 30000);
INSERT INTO `t_part` VALUES (491, '77220KCJ690HNS', 'COWL L RR SLV(SH SL MT)', 20, 109000);
INSERT INTO `t_part` VALUES (492, '33742GN5901', 'REFLE,L.RFLX.', 20, 40000);
INSERT INTO `t_part` VALUES (493, '31110K18901', 'FLYWHEEL COMP', 20, 165000);
INSERT INTO `t_part` VALUES (494, '8010AKWWA00', 'FENDER RR ASSY', 20, 113000);
INSERT INTO `t_part` VALUES (495, '43114KW6842', 'SHIM B', 20, 53000);
INSERT INTO `t_part` VALUES (496, '51500K16A01', 'FORK ASSY L FR', 20, 289000);
INSERT INTO `t_part` VALUES (497, '28241KW6960', 'JOINT, KICK ARM', 20, 139200);
INSERT INTO `t_part` VALUES (498, '17253383672', 'TUBE,CONNECTING', 20, 194000);
INSERT INTO `t_part` VALUES (499, '33705KWWA01', 'PACKING', 20, 4000);
INSERT INTO `t_part` VALUES (500, '38770K46N01', 'UNIT COMP PGM-FI/IGN', 20, 537000);
INSERT INTO `t_part` VALUES (501, 'H8371KVB930WP', 'COVER RR CTR LWR(W.O.PNT)', 20, 17000);
INSERT INTO `t_part` VALUES (502, '16075GHB641', 'O-RING 1,3X4,3', 20, 500);
INSERT INTO `t_part` VALUES (503, '871X0KCJ640ZDR', 'STRIPE WHITE R', 20, 120000);
INSERT INTO `t_part` VALUES (504, '45156KW6901', 'CLMPER, FR. BRAKE HOSE', 20, 8400);
INSERT INTO `t_part` VALUES (505, '40541GN5730', 'ADJUSTER R CHAIN ASSY', 20, 6000);
INSERT INTO `t_part` VALUES (506, '37300KW6961', 'METER COMP.,FUEL&TEMP.', 20, 592500);
INSERT INTO `t_part` VALUES (507, '17211GB4010', 'ELEMENT,CLEANER', 20, 90000);
INSERT INTO `t_part` VALUES (508, 'HC25H-86L', 'CHAIN CAM', 20, 33500);
INSERT INTO `t_part` VALUES (509, '64360KGH900ZF', 'SHROUD,L.RADIATORY165P', 20, 236100);
INSERT INTO `t_part` VALUES (510, '33100KZR601', 'LIGHT ASSY HEAD', 20, 350000);
INSERT INTO `t_part` VALUES (511, '90003MN4000', '90003MN4001', 20, 35000);
INSERT INTO `t_part` VALUES (512, '24430HB2000', 'ARM DRUM STOP', 20, 72000);
INSERT INTO `t_part` VALUES (513, '37200KVBN51', 'SPEEDOMETER ASSY', 20, 482000);
INSERT INTO `t_part` VALUES (514, '52181001300', 'RUBBER,BUSH', 20, 28800);
INSERT INTO `t_part` VALUES (515, '22000KEH900', 'CLUTCH ASSY', 20, 1250000);
INSERT INTO `t_part` VALUES (516, '13031KCJ305', 'RING SET (0.50)', 20, 350000);
INSERT INTO `t_part` VALUES (517, '23123KPP901', 'GEAR C,PRIM.DRIVE', 20, 60000);
INSERT INTO `t_part` VALUES (518, '77210KCJ950HNS', 'RR COWL  R SD (SILV)', 20, 154000);
INSERT INTO `t_part` VALUES (519, '871X0KEV620ZC', 'STRIPE BLACK BLUE L & R', 20, 185000);
INSERT INTO `t_part` VALUES (520, '92101080250H', 'BOLT HEX 8X25', 20, 1000);
INSERT INTO `t_part` VALUES (521, '61317K18900', 'PLATE, FR. WINKER', 20, 1000);
INSERT INTO `t_part` VALUES (522, '64430KEV900FMI', 'SHIELD R LEG(PRP)', 20, 161000);
INSERT INTO `t_part` VALUES (523, '90405KM1000', 'WASHER,SEALING A', 20, 15000);
INSERT INTO `t_part` VALUES (524, '90321968000', 'NUT,FIXING', 20, 22300);
INSERT INTO `t_part` VALUES (525, '14751KWC900', 'SPRING VALVE OUTER', 20, 11000);
INSERT INTO `t_part` VALUES (526, '91202198910', 'OIL SEAL, 19X30X5', 20, 50000);
INSERT INTO `t_part` VALUES (527, '16050KGH901', 'SPG,COMPRESSION COIL', 20, 32000);
INSERT INTO `t_part` VALUES (528, '53205KPH700FMH', 'COVER HDL FR(SLV)', 20, 181000);
INSERT INTO `t_part` VALUES (529, '14311KWS900', 'SPROCKET TIMING', 20, 22000);
INSERT INTO `t_part` VALUES (530, '13310KFL900', 'CRANK SHAFT COMP,RIGHT', 20, 292100);
INSERT INTO `t_part` VALUES (531, '15436107000', 'CAP,ROTOR FILTER', 20, 145000);
INSERT INTO `t_part` VALUES (532, '5071BKZLA00', 'BAR, L P STEP SET', 20, 25000);
INSERT INTO `t_part` VALUES (533, '50135KTM850', 'CLAMPER FUEL TUBE', 20, 1000);
INSERT INTO `t_part` VALUES (534, '83548KW6960ZC', 'STRIPE, L.SIDE COVER (3)', 20, 105300);
INSERT INTO `t_part` VALUES (535, '64410KYZ900ZC', 'COVER R BODY(SL BL MT)', 20, 259000);
INSERT INTO `t_part` VALUES (536, '11191GB4001', 'GASKET CRANKCASE', 20, 20500);
INSERT INTO `t_part` VALUES (537, '50400KVY900', 'RAIL RR GRAB', 20, 111000);
INSERT INTO `t_part` VALUES (538, '871X0KFV841ZA', 'STRIPE LEGENDA L & R', 20, 90000);
INSERT INTO `t_part` VALUES (539, '50119KPPT00', 'PIPE COMP,DOWN PIPE', 20, 53000);
INSERT INTO `t_part` VALUES (540, '53205KZR600VSM', 'COVER HDL FR(VO SL MT)', 20, 111000);
INSERT INTO `t_part` VALUES (541, '11360GN8890', 'COVER,L RR CR(BLK', 20, 36000);
INSERT INTO `t_part` VALUES (542, '9806958911', 'SPARK PLUG DP8EA-9 (NG)', 20, 12400);
INSERT INTO `t_part` VALUES (543, '50715KPG900', 'BRKT, R P STEP', 20, 152800);
INSERT INTO `t_part` VALUES (544, '77235KEH930MNS', 'COWL RR CTR BLU(NO STRP)', 20, 49000);
INSERT INTO `t_part` VALUES (545, 'HC25H-88L', 'CHAIN CAM', 20, 34000);
INSERT INTO `t_part` VALUES (546, '11344GW3980', 'RUBBER STARTER PINION', 20, 1000);
INSERT INTO `t_part` VALUES (547, '64310KPH880FMW', 'COVER UNDER (WHT MET)', 20, 38000);
INSERT INTO `t_part` VALUES (548, '51413KRFH71', 'SPRING, REBOUND', 20, 85000);
INSERT INTO `t_part` VALUES (549, '3370AKZR602', 'LIGHT REAR COMB SET', 20, 180000);
INSERT INTO `t_part` VALUES (550, '44301KVG950', 'AXLE FR WHEEL', 20, 18000);
INSERT INTO `t_part` VALUES (551, '23511KCN010', 'GEAR, C-5 26T', 20, 450000);
INSERT INTO `t_part` VALUES (552, '90601KV3000', 'E-RING,SPECIAL', 20, 9300);
INSERT INTO `t_part` VALUES (553, '08F53KVYSLV', 'Muffler End Cov Pol. Slv', 20, 128000);
INSERT INTO `t_part` VALUES (554, '9390325381', '9390325380', 20, 500);
INSERT INTO `t_part` VALUES (555, '37800KYZ711', 'FUEL UNIT', 20, 76000);
INSERT INTO `t_part` VALUES (556, '33130KCJ661', 'SOCKET COMP HEADLIGHT', 20, 41000);
INSERT INTO `t_part` VALUES (557, '50621KWN710', 'STAY COMP L. FLOOR', 20, 90000);
INSERT INTO `t_part` VALUES (558, '83500KEH900FME', 'COVER,R (GRN)', 20, 31300);
INSERT INTO `t_part` VALUES (559, '44650KYJ900ZA', '44650KYJ901ZA', 20, 1828000);
INSERT INTO `t_part` VALUES (560, '52400KVB940CBO', 'CUSHION ASSY RR (CN BZ O)', 20, 180000);
INSERT INTO `t_part` VALUES (561, '37305KW6840', 'SCREW WASHER 3X22', 20, 17000);
INSERT INTO `t_part` VALUES (562, '45156K18900', 'CLAMPER B FR BRK HOSE', 20, 8000);
INSERT INTO `t_part` VALUES (563, '83611KCR970ZA', 'MARK,SIDE TYPE1', 20, 20000);
INSERT INTO `t_part` VALUES (564, '871X0KVR960ZC', 'STRIPE SPRTY BLUE MT L &R', 20, 140000);
INSERT INTO `t_part` VALUES (565, '53166K07900', 'GRIP L HDL', 20, 10000);
INSERT INTO `t_part` VALUES (566, '32976KVY900', 'CLAMPERWIRE HARNESS', 20, 1500);
INSERT INTO `t_part` VALUES (567, '33400KPW861', 'WINKER UNIT R FR', 20, 22000);
INSERT INTO `t_part` VALUES (568, '64200KGH920ZA', 'SET ILLUST,UNDER COWL T-1', 20, 263800);
INSERT INTO `t_part` VALUES (569, '83500KVBN50AFB', 'COVER R BODY(AF BK MT)', 20, 202000);
INSERT INTO `t_part` VALUES (570, '9411106700', 'WASHER SPG 6MM', 20, 500);
INSERT INTO `t_part` VALUES (571, '42625K15900', 'COLLAR B RR WHL DISTANCE', 20, 22000);
INSERT INTO `t_part` VALUES (572, '64200KPP620ZA', 'SET ILL FR UPPER(AST BLK MT)', 20, 270000);
INSERT INTO `t_part` VALUES (573, '45450KPH890', 'CABLE COMP FR BRK', 20, 27500);
INSERT INTO `t_part` VALUES (574, '64500KWWA80ZA', 'COVER FR TOP(BR LM GR)', 20, 366000);
INSERT INTO `t_part` VALUES (575, '24610KPH901', 'SPINDLE COMP GEAR SHIFT', 20, 70500);
INSERT INTO `t_part` VALUES (576, '19014KEA003', 'SET NUT', 20, 21000);
INSERT INTO `t_part` VALUES (577, '23471GN5910', '23471GN5912', 20, 143800);
INSERT INTO `t_part` VALUES (578, '11330KPP930', 'COVER COMP,R CRANK CASE', 20, 950000);
INSERT INTO `t_part` VALUES (579, '871X0KEV730ZC', 'STRIPE 3 RED', 20, 113000);
INSERT INTO `t_part` VALUES (580, '64110KYJ900', 'SCREEN WIND', 20, 337000);
INSERT INTO `t_part` VALUES (581, '33400KFE701', 'WINKER ASSY.,R FR', 20, 248000);
INSERT INTO `t_part` VALUES (582, '14521397000', 'PLUG,BEARING PUSH', 20, 50000);
INSERT INTO `t_part` VALUES (583, '35010KVLN00', 'KEY SET', 20, 206000);
INSERT INTO `t_part` VALUES (584, '16100KFV841', 'CARBURETOR ASSY', 20, 918000);
INSERT INTO `t_part` VALUES (585, '41201397820', 'SPROCKET DRIVEN', 20, 100000);
INSERT INTO `t_part` VALUES (586, '77207KYJ900', 'RUBBER,SEAT CUSH', 20, 12000);
INSERT INTO `t_part` VALUES (587, '11334KGH900', 'RUBBER,R COVER', 20, 46200);
INSERT INTO `t_part` VALUES (588, '871X0KTL890ZC', 'STRIPE BLUE L & R', 20, 175000);
INSERT INTO `t_part` VALUES (589, '83750K16900ZB', 'COVER RR CTR(TH BL MT)', 20, 177000);
INSERT INTO `t_part` VALUES (590, '53205KPH720FKM', 'COVER HDL FR(MRED MET)', 20, 170000);
INSERT INTO `t_part` VALUES (591, '12100KYE900', 'CYLINDER COMP', 20, 415500);
INSERT INTO `t_part` VALUES (592, '0800BKVYPNK', 'PAKET B BEAT PNK', 20, 421000);
INSERT INTO `t_part` VALUES (593, '90407KWW740', 'WASHER 6.2X19X2.3', 20, 1500);
INSERT INTO `t_part` VALUES (594, '45131KBP930', 'PIN A,BOLT', 20, 21000);
INSERT INTO `t_part` VALUES (595, '64430KVR600FMV', 'SHIELD R LEG(WN RD-A)', 20, 131000);
INSERT INTO `t_part` VALUES (596, '34901KFVB51', 'BULB HEADLIGHT (12V 25/25W)', 20, 17000);
INSERT INTO `t_part` VALUES (597, '90522028000', 'WASHER CHAIN CASE', 20, 1000);
INSERT INTO `t_part` VALUES (598, '24781449001', 'RUBBER CHANGE PEDAL', 20, 5000);
INSERT INTO `t_part` VALUES (599, '91301KFN900', 'O-RING,75X2.5', 20, 2500);
INSERT INTO `t_part` VALUES (600, '871X0KVB950ZFR', 'STRIPE  NEON GREEN R', 20, 100000);
INSERT INTO `t_part` VALUES (601, '871X0KZRB10ZCL', 'STRIPE WHITE SILVER  L', 20, 100000);
INSERT INTO `t_part` VALUES (602, '53104KPP900', 'WEIGHT B,HANDLE', 20, 54000);
INSERT INTO `t_part` VALUES (603, 'AHJK0001004', 'CB150R JACKET BLACK-M', 20, 185000);
INSERT INTO `t_part` VALUES (604, '37210KGH901', 'SPEEDOMETER COMP.', 20, 621200);
INSERT INTO `t_part` VALUES (605, '18422KAF701', 'COLLAR,MUFF MOUNT', 20, 4000);
INSERT INTO `t_part` VALUES (606, '41201KEV880', 'SPROCKET DRIVEN', 20, 89000);
INSERT INTO `t_part` VALUES (607, '64470KWWA60', 'COVER R FR LWR', 20, 12000);
INSERT INTO `t_part` VALUES (608, '64440KPH700FMB', 'SHIELD,L LEG(BLK)', 20, 173000);
INSERT INTO `t_part` VALUES (609, 'Z613074M', 'M.TONE BRILLIANT SILVER', 20, 250000);
INSERT INTO `t_part` VALUES (610, '9210106010', 'BOLT HEX 6X10', 20, 1500);
INSERT INTO `t_part` VALUES (611, '19104KPP930', 'TUBE RES.TANK BREATHER', 20, 15000);
INSERT INTO `t_part` VALUES (612, '44710KEH950', 'TIRE, FR (275-18 NF25)', 20, 195000);
INSERT INTO `t_part` VALUES (613, '87112KGH900ZC', 'STRIPE A,R RDTR SHRD T3', 20, 42500);
INSERT INTO `t_part` VALUES (614, '53100KPH880', 'PIPE COMP STRG HANDLE', 20, 95000);
INSERT INTO `t_part` VALUES (615, '14775KWW740', 'SEAT VALVE SPRING', 20, 5500);
INSERT INTO `t_part` VALUES (616, '22870KCJ650', 'CABLE COMP,CLUTCH', 20, 34000);
INSERT INTO `t_part` VALUES (617, '93500050060A', 'SCREW,PAN 5X6', 20, 4000);
INSERT INTO `t_part` VALUES (618, '28224HA2010', 'WASHER,SPRING', 20, 28000);
INSERT INTO `t_part` VALUES (619, '33729MCZ004', 'PACKING LENS', 20, 5000);
INSERT INTO `t_part` VALUES (620, '28300KYE900', 'ARM ASSY KICK STARTER', 20, 68500);
INSERT INTO `t_part` VALUES (621, '64361KBAK00ZB', 'STR.LOW.CWL.LID T2', 20, 30000);
INSERT INTO `t_part` VALUES (622, '28125179710', 'SPRING START /M', 20, 10500);
INSERT INTO `t_part` VALUES (623, '44830KCJ640', 'CABLE COMP SPEEDO', 20, 25000);
INSERT INTO `t_part` VALUES (624, '33410GF6003', 'CORD R WINKER', 20, 8000);
INSERT INTO `t_part` VALUES (625, '37220KYZ901', 'CASE ASSY', 20, 32500);
INSERT INTO `t_part` VALUES (626, '33703KRSA00', 'LENS WINKER R RR', 20, 11000);
INSERT INTO `t_part` VALUES (627, '64430KW6960ZA', 'LID SET,L.LOW.COWL(WL)TP1', 20, 328700);
INSERT INTO `t_part` VALUES (628, '13012KW6305', 'RING SET (0.25)', 20, 368000);
INSERT INTO `t_part` VALUES (629, '84702KC5000', 'BRACKET RR WINKER', 20, 11500);
INSERT INTO `t_part` VALUES (630, '90741KGH900', 'KEYWOODRUFF 4MM', 20, 6500);
INSERT INTO `t_part` VALUES (631, '50610KYE901', 'BAR COMP STEP', 20, 77000);
INSERT INTO `t_part` VALUES (632, '53205KPH890FMH', '53205KPH730FMH', 20, 72300);
INSERT INTO `t_part` VALUES (633, '32120383830', 'CASE,FUSE', 20, 6500);
INSERT INTO `t_part` VALUES (634, '33103147671', 'SCREW,BEAM ADJUST', 20, 3200);
INSERT INTO `t_part` VALUES (635, '91304KK3830', 'O-RING,9.4X2.4', 20, 11000);
INSERT INTO `t_part` VALUES (636, '871X0KCJ640ZCR', 'STRIPE GREY SILVER R', 20, 120000);
INSERT INTO `t_part` VALUES (637, '45156K15902', 'CLAMPER B FR BRK HOSE', 20, 7000);
INSERT INTO `t_part` VALUES (638, '871X0K47N10ZBL', 'STRIPE WHITE RED L', 20, 135000);
INSERT INTO `t_part` VALUES (639, '42313KTM750', 'COLLAR R RR WHEEL SIDE', 20, 8000);
INSERT INTO `t_part` VALUES (640, '16016MY9690', 'SCREW SET', 20, 88000);
INSERT INTO `t_part` VALUES (641, '19504KWC900', 'HOSE B RADIATOR', 20, 8000);
INSERT INTO `t_part` VALUES (642, '55102166000', 'JOINT,OIL TUBE', 20, 21000);
INSERT INTO `t_part` VALUES (643, '9501554002', '9501554000', 20, 4000);
INSERT INTO `t_part` VALUES (644, '22110KWB931', 'OUTER COMP CLUTCH', 20, 200000);
INSERT INTO `t_part` VALUES (645, '871X0KTMN00ZE', 'STRIPE GARNET RED L & R', 20, 215000);
INSERT INTO `t_part` VALUES (646, 'H8360KVY960WP', 'COVER L BODY(WITHOUT PNT)', 20, 77700);
INSERT INTO `t_part` VALUES (647, '24306GB4770', 'PLATE,DRUM LOCK', 20, 44200);
INSERT INTO `t_part` VALUES (648, '90461035003', 'WASHER SPLINE 17MM', 20, 2000);
INSERT INTO `t_part` VALUES (649, '64320KTL690FMR', 'COVER M/P UPPER(PB ORG)', 20, 109000);
INSERT INTO `t_part` VALUES (650, '31100KPH880', 'AC GENERATOR ASSY', 20, 416500);
INSERT INTO `t_part` VALUES (651, '64430KTM850FMB', 'SHIELD R LEG(BLK)', 20, 175000);
INSERT INTO `t_part` VALUES (652, '35010K15900', 'KEY SET', 20, 500000);
INSERT INTO `t_part` VALUES (653, '24701GN5960', 'PEDAL,GEAR /K', 20, 38400);
INSERT INTO `t_part` VALUES (654, '32100KTM850', 'HARNESS WIRE', 20, 200000);
INSERT INTO `t_part` VALUES (655, '35010KW6902', 'KEY SET', 20, 1510200);
INSERT INTO `t_part` VALUES (656, '64420KWWA00CSR', 'COVER L BODY(CN SC RD)', 20, 322000);
INSERT INTO `t_part` VALUES (657, '91201324023', 'OIL SEAL, 6.5X14.5', 20, 25000);
INSERT INTO `t_part` VALUES (658, '43410KYT900', 'ARM RR BRAKE', 20, 13500);
INSERT INTO `t_part` VALUES (659, 'AHK00102001', 'AHM SHIRT RED, MEDIUM', 20, 111000);
INSERT INTO `t_part` VALUES (660, '51500GN5730', 'FORK ASY.L FR.', 20, 1795000);
INSERT INTO `t_part` VALUES (661, '53178230010', 'LEVER,L,HANDLE', 20, 116000);
INSERT INTO `t_part` VALUES (662, '53205K03N30ZA', 'COVER HDL FR(BLK)', 20, 131000);
INSERT INTO `t_part` VALUES (663, '33100KC5920', 'HEADLIGHT ASSY', 20, 452000);
INSERT INTO `t_part` VALUES (664, '33410KFVB51', 'SOCKET CP R WINKER', 20, 5000);
INSERT INTO `t_part` VALUES (665, '64302KVBN50PFW', 'COVER FR TOP(PL FD WH)', 20, 132000);
INSERT INTO `t_part` VALUES (666, '17910KWB920', 'CABLE COMP, THROT', 20, 22500);
INSERT INTO `t_part` VALUES (667, '16016KEV831', 'SCREW SET', 20, 2500);
INSERT INTO `t_part` VALUES (668, '871X0KZLA00ZAR', 'STRIPE BLACK R', 20, 80000);
INSERT INTO `t_part` VALUES (669, '83500KVB930ABM', 'COVER R BODY(AS BL MT)', 20, 236000);
INSERT INTO `t_part` VALUES (670, '9,60011E+11', 'BOLT FLANGE 6X40', 20, 5500);
INSERT INTO `t_part` VALUES (671, '90112003000', 'BOLT A,RR ENGINE', 20, 52000);
INSERT INTO `t_part` VALUES (672, '83500KVB930PPM', 'COVER R BODY(PD PK MT)', 20, 225000);
INSERT INTO `t_part` VALUES (673, '24700KCJ690', 'PEDAL ASSY GEAR CHANGE', 20, 57500);
INSERT INTO `t_part` VALUES (674, '90114GB4810', 'SCREW,6X25', 20, 5700);
INSERT INTO `t_part` VALUES (675, '50619KBP900', 'PLT.M.STEP LWR.', 20, 35000);
INSERT INTO `t_part` VALUES (676, '28133KPH900', 'COLLAR START REDUCTION', 20, 62500);
INSERT INTO `t_part` VALUES (677, '64320K07900ZK', 'COVER A/C OUTLET(PR OD VL)', 20, 69000);
INSERT INTO `t_part` VALUES (678, '12160K25900', 'CLAMPER COMP., THROTTLE CABLE', 20, 10000);
INSERT INTO `t_part` VALUES (679, '13103GN5913NP', 'PISTON (0.50)', 20, 39100);
INSERT INTO `t_part` VALUES (680, '23010KCT900', 'MAIN SHAFT COMP', 20, 769800);
INSERT INTO `t_part` VALUES (681, '64430KFVB60ZB', 'STRIPE,R FRONT', 20, 2600);
INSERT INTO `t_part` VALUES (682, '88113KW6960', 'COVER, R.MIRROR', 20, 13000);
INSERT INTO `t_part` VALUES (683, '90442GF6010', 'WASHER SEAL 7MM', 20, 9000);
INSERT INTO `t_part` VALUES (684, '53205KEV700FMB', 'COVER HDL FR(BLK)', 20, 95000);
INSERT INTO `t_part` VALUES (685, '86100H025C0', 'NEW HELMET (BLACK)', 20, 135000);
INSERT INTO `t_part` VALUES (686, '17112KZY700', 'INSULATOR, THROTTLE BODY', 20, 82000);
INSERT INTO `t_part` VALUES (687, '9500AKVBN50', 'TUBE 5.3X700 ASSY', 20, 12500);
INSERT INTO `t_part` VALUES (688, '16155KJ9751', 'VALVE COMP.,FLOAT', 20, 128000);
INSERT INTO `t_part` VALUES (689, '871X0K25900ZAR', 'STRIPE BLACK R', 20, 65000);
INSERT INTO `t_part` VALUES (690, '13011KYZ900', 'RING SET, PISTON (STD)', 20, 85000);
INSERT INTO `t_part` VALUES (691, '11360KWZ900', 'COVER COMP L RR', 20, 69500);
INSERT INTO `t_part` VALUES (692, '13201GF6300', 'ROD CONNECTING', 20, 450000);
INSERT INTO `t_part` VALUES (693, '9,58011E+11', 'BOLT,FLANGE 6X60', 20, 7000);
INSERT INTO `t_part` VALUES (694, '93301060120A', 'BOLT,HEX 6X12', 20, 1900);
INSERT INTO `t_part` VALUES (695, 'Z619056S', 'Lembayung Blue', 20, 125000);
INSERT INTO `t_part` VALUES (696, '83670KPPT00ZB', 'CVR R RR(MILL RED)', 20, 140000);
INSERT INTO `t_part` VALUES (697, '08100KVYZRED', 'AKSESORIS KIT BEAT MERAH', 20, 344000);
INSERT INTO `t_part` VALUES (698, '28262041731', 'RETAINER,KICK SPR', 20, 100000);
INSERT INTO `t_part` VALUES (699, '61100K25900ZC', 'FENDER FR(PL FD WH)', 20, 107000);
INSERT INTO `t_part` VALUES (700, '14961KT7013', 'SHIM,TAPPET (2.700)', 20, 50000);
INSERT INTO `t_part` VALUES (701, '91205KF0003', 'OIL SEAL,12X20X5', 20, 16000);
INSERT INTO `t_part` VALUES (702, '45157KVBT00', 'CLAMPER B BRAKE HOS', 20, 9500);
INSERT INTO `t_part` VALUES (703, '12202KYT901', 'SEAT IN VALVE', 20, 7000);
INSERT INTO `t_part` VALUES (704, '23452KYJ900', 'COLLAR,25X28X10', 20, 64000);
INSERT INTO `t_part` VALUES (705, '64420KPH880FMB', 'COVER L BODY(BLK)', 20, 143000);
INSERT INTO `t_part` VALUES (706, '14781MB4000', 'COTTER,VALVE', 20, 23000);
INSERT INTO `t_part` VALUES (707, '17210KPPT00', 'ELMNT COMP., AIR CLEANER', 20, 119000);
INSERT INTO `t_part` VALUES (708, '35030086690', 'SWITCH KIT (MK)', 20, 1130000);
INSERT INTO `t_part` VALUES (709, '22401KCJ710', 'SPRING,CLUTCH', 20, 19700);
INSERT INTO `t_part` VALUES (710, '17274KZLA00', 'TUBE AIR OPENING', 20, 7000);
INSERT INTO `t_part` VALUES (711, '90402KW7901', 'WASHER THRUST 6MM', 20, 2500);
INSERT INTO `t_part` VALUES (712, '061B1KFL000', 'GASKET KIT B', 20, 26000);
INSERT INTO `t_part` VALUES (713, '14775KVY900', 'SEAT, VALVE SPRING', 20, 15000);
INSERT INTO `t_part` VALUES (714, '43145149001', 'INDICATOR BRAKE', 20, 2500);
INSERT INTO `t_part` VALUES (715, '17215KSP900', 'SEAL A A/C', 20, 3000);
INSERT INTO `t_part` VALUES (716, '22361437001', 'PLATE CLUTCH LIFTER', 20, 30000);
INSERT INTO `t_part` VALUES (717, '77230KZL930', 'CATCH COMP. SEAT', 20, 16000);
INSERT INTO `t_part` VALUES (718, '33130KCJ951', 'SOCKET COMP HEADLIGHT', 20, 46500);
INSERT INTO `t_part` VALUES (719, '83510KPW900FMB', 'COVER TAIL(BLK)', 20, 27000);
INSERT INTO `t_part` VALUES (720, 'T6127S', 'SI Washing Thinner 1 lt', 20, 25000);
INSERT INTO `t_part` VALUES (721, '89010KEV880', 'TOOL SET', 20, 58500);
INSERT INTO `t_part` VALUES (722, '18301KZS900', 'MUFFLER ASSY EXH', 20, 460000);
INSERT INTO `t_part` VALUES (723, '88200AHAPFWZB', 'HELMET SP WHITE BLUE', 20, 170000);
INSERT INTO `t_part` VALUES (724, '61100KPPT00ZC', 'FNDR, FR CNDY TAHITIAN BLUE', 20, 262000);
INSERT INTO `t_part` VALUES (725, '64502KWN902ZB', 'COVER L FR PRL HM WHT', 20, 333000);
INSERT INTO `t_part` VALUES (726, '90107KWC900', 'BOLT BODY COVER SET', 20, 500);
INSERT INTO `t_part` VALUES (727, '45126-KCJ-761', '45126-KCJ-761', 20, 91200);
INSERT INTO `t_part` VALUES (728, '19502KVB900', 'HOSE B WATER', 20, 7000);
INSERT INTO `t_part` VALUES (729, '14566086030', '14566086031', 20, 9000);
INSERT INTO `t_part` VALUES (730, '90403KV0003', 'WASHER,WAVE,10MM', 20, 15000);
INSERT INTO `t_part` VALUES (731, '12210KSP910', 'HOLDER COMP CAMSHAFT', 20, 215000);
INSERT INTO `t_part` VALUES (732, '22121KWWA01', 'CENTER CLUTCH', 20, 39500);
INSERT INTO `t_part` VALUES (733, '89010GF6001', 'TOOL SET', 20, 193000);
INSERT INTO `t_part` VALUES (734, '87112KGH900ZB', 'STRIPE A,R RDTR SHRD T2', 20, 42500);
INSERT INTO `t_part` VALUES (735, '17240K15900', 'DUCT,INLET', 20, 20000);
INSERT INTO `t_part` VALUES (736, '50400KEV900', 'RAIL RR.GRAB.', 20, 479000);
INSERT INTO `t_part` VALUES (737, '23422GB4770', '23422GB4771', 20, 56000);
INSERT INTO `t_part` VALUES (738, '90441GFC770', 'WASHER,SEALING 10MM', 20, 3500);
INSERT INTO `t_part` VALUES (739, '90105KPP900', 'BOLT SL 6X20', 20, 4000);
INSERT INTO `t_part` VALUES (740, '33182KWZ901', 'SOCKET COMP POSITION LAMP', 20, 12500);
INSERT INTO `t_part` VALUES (741, '32103KWWA00', 'SUB HARNESS BATTERY', 20, 110000);
INSERT INTO `t_part` VALUES (742, '64310KTM850SBM', 'COVER UNDER(SP BL MT)', 20, 97000);
INSERT INTO `t_part` VALUES (743, '17510GF6930RNS', 'TANK, FUEL RED (NO STRIPE', 20, 273000);
INSERT INTO `t_part` VALUES (744, '42710KCJ691', 'TIRE, RR (100/90-18 NR25)', 20, 311000);
INSERT INTO `t_part` VALUES (745, '18355KVR600', 'COVER MUFFLER', 20, 17000);
INSERT INTO `t_part` VALUES (746, '33702KPG901', 'LENS, LICENSE', 20, 5900);
INSERT INTO `t_part` VALUES (747, '43459GN5760', '9501542000', 20, 6100);
INSERT INTO `t_part` VALUES (748, 'H6450KPH880WP', 'COVER FR TOP(WITHOUT PNT)', 20, 39000);
INSERT INTO `t_part` VALUES (749, '64500KWB600PFW', 'COVER  FR TOP (PL FD WH)', 20, 264000);
INSERT INTO `t_part` VALUES (750, '23471KCS650', 'GEAR,C-3', 20, 483000);
INSERT INTO `t_part` VALUES (751, '88210KWN900', 'MIRROR COMP R', 20, 91000);
INSERT INTO `t_part` VALUES (752, '12100KG2910', 'CYLINDER COMP /3', 20, 1481600);
INSERT INTO `t_part` VALUES (753, '38300KCJ661', 'RELAY ASSY WINKER', 20, 35500);
INSERT INTO `t_part` VALUES (754, '64450KTL690FMB', 'COVER L M/P(BLK)', 20, 131000);
INSERT INTO `t_part` VALUES (755, '50603KR0010', 'PIN MAIN STEP BAR', 20, 30000);
INSERT INTO `t_part` VALUES (756, '17253GN8920', 'TUBE,AIR CLEANER', 20, 15000);
INSERT INTO `t_part` VALUES (757, '40520GN5900ZA', 'CASE UN.CHAIN', 20, 268000);
INSERT INTO `t_part` VALUES (758, '9420120120', 'PIN SPLIT', 20, 4000);
INSERT INTO `t_part` VALUES (759, '61100KVR600SBM', 'FENDER A FR(SP BL MT-A)', 20, 206000);
INSERT INTO `t_part` VALUES (760, '37211GF6902', 'CASE METER UPPER', 20, 87000);
INSERT INTO `t_part` VALUES (761, '50512GN5730', 'SHFT.RR.BRK.PI.', 20, 45000);
INSERT INTO `t_part` VALUES (762, '77235KEH930KNS', 'COWL RR CTR MRD(NO STRP)', 20, 70000);
INSERT INTO `t_part` VALUES (763, '64450KYZ900BLG', 'COVER L M/P SD(BR LM GR)', 20, 358000);
INSERT INTO `t_part` VALUES (764, '18301KZLC30', 'MUFFLER ASSY EXH', 20, 1180000);
INSERT INTO `t_part` VALUES (765, '18345KGH600', 'RUBBER PROTECTOR MOUNT', 20, 5000);
INSERT INTO `t_part` VALUES (766, '11201KYZ900', 'CRANKCASE COMP L', 20, 295000);
INSERT INTO `t_part` VALUES (767, '64241KFA900ZB', 'STR.B,R.FR.UP CWL.T2', 20, 103300);
INSERT INTO `t_part` VALUES (768, '64360KGH900ZD', 'SHROUD,L.RADIATORPB305P', 20, 236100);
INSERT INTO `t_part` VALUES (769, '31120KEV881', 'STATOR COMP', 20, 202500);
INSERT INTO `t_part` VALUES (770, '77251GR1000', 'BAG,SERVICE BOOK', 20, 5000);
INSERT INTO `t_part` VALUES (771, '12000KC6921', '12000KC6306', 20, 2050900);
INSERT INTO `t_part` VALUES (772, '23451439900', 'GEAR,C SHAFT 2ND', 20, 238700);
INSERT INTO `t_part` VALUES (773, '16700KWN904', 'UNIT ASSY FUEL PUMP', 20, 1680000);
INSERT INTO `t_part` VALUES (774, '91251KPH901', 'DUST SEAL 21 X 37 X 7', 20, 4500);
INSERT INTO `t_part` VALUES (775, '90305041000', 'NUT,FRONT AXLE', 20, 2200);
INSERT INTO `t_part` VALUES (776, '90127MFL000', 'BOLT FLANGE 6X25', 20, 1500);
INSERT INTO `t_part` VALUES (777, '871X0K03N40ZAR', 'STRIPE BLACK R', 20, 115000);
INSERT INTO `t_part` VALUES (778, '64320GB6920', 'PROTECTOR,FR COV', 20, 27500);
INSERT INTO `t_part` VALUES (779, '61100KBA930ZK', 'FR.FENDER R127', 20, 392000);
INSERT INTO `t_part` VALUES (780, '87123KBAK00ZA', 'STR.A,L.SIDE COV.T1', 20, 70000);
INSERT INTO `t_part` VALUES (781, '42711KYE911', 'TIRE, RR (100/90-17 NR25)', 20, 255000);
INSERT INTO `t_part` VALUES (782, '13105KYZ900', 'PISTON (1,00)', 20, 51000);
INSERT INTO `t_part` VALUES (783, '33452KWF901', 'LENS L WINKER', 20, 39000);
INSERT INTO `t_part` VALUES (784, '90702KWN901', 'DOWEL PIN,SPL 6.3X10X30', 20, 2500);
INSERT INTO `t_part` VALUES (785, '88120GN5781', 'MIRROR L BACK', 20, 26000);
INSERT INTO `t_part` VALUES (786, '07600KLH7200', 'PLIER 200', 20, 131000);
INSERT INTO `t_part` VALUES (787, '86643KPP620ZB', 'STRIPE R MIDDLE C TOP', 20, 250000);
INSERT INTO `t_part` VALUES (788, '090KB50XT020', 'PACK. SET OLD BL PUMP', 20, 391400);
INSERT INTO `t_part` VALUES (789, '32100KEV700', 'HARNESS,WIRE', 20, 137500);
INSERT INTO `t_part` VALUES (790, '89600000008', 'REDUCER,MOTOR 8', 20, 302500);
INSERT INTO `t_part` VALUES (791, '14451035001', 'SHAFT ROCKER ARM', 20, 10500);
INSERT INTO `t_part` VALUES (792, '08F86KVYRED', 'Hndl Cov Garnish Pol. Red', 20, 83000);
INSERT INTO `t_part` VALUES (793, '83620KYJK20ZA', 'SET ILL R REAR(HM WH)', 20, 153000);
INSERT INTO `t_part` VALUES (794, '18301KYT940', 'MUFFLER ASSY EXH', 20, 450000);
INSERT INTO `t_part` VALUES (795, '645A0KTL640JGM', 'CVR,FR TOP SET(JZ GN MT)', 20, 170000);
INSERT INTO `t_part` VALUES (796, '50660KGH600', 'HOLDER L MAIN STEP', 20, 71500);
INSERT INTO `t_part` VALUES (797, '28300KVR600', 'ARM ASSY  KICK STARTER', 20, 60000);
INSERT INTO `t_part` VALUES (798, '61100KW6840ZB', 'FENDER FR.B154', 20, 479300);
INSERT INTO `t_part` VALUES (799, '90112KS4840', '90112KVB900', 20, 1200);
INSERT INTO `t_part` VALUES (800, '92915100250E', 'BOLT,STUD 2,10X25', 20, 11000);
INSERT INTO `t_part` VALUES (801, '90667KW6960', 'GUIDE,L. WIREHARNESS', 20, 11200);
INSERT INTO `t_part` VALUES (802, '24430KRMB10', 'STOPPER COMP GEAR SHIFT DRUM', 20, 9500);
INSERT INTO `t_part` VALUES (803, '90465KWB600', 'WASHER LOCK 20MM', 20, 3000);
INSERT INTO `t_part` VALUES (804, '86100AHAPFW', 'HELMET PEARL WHITE', 20, 170000);
INSERT INTO `t_part` VALUES (805, '871X0KEV640ZC', 'STRIPE BLACK BLUE L & R', 20, 185000);
INSERT INTO `t_part` VALUES (806, '8125AKVY960', 'BOX ASSY LUGGAGE', 20, 68000);
INSERT INTO `t_part` VALUES (807, '11116KWN900', 'SPG,BRG PUSH', 20, 3000);
INSERT INTO `t_part` VALUES (808, '45203KC6006', 'COVER,CALIPER', 20, 125000);
INSERT INTO `t_part` VALUES (809, '46504MT8006', 'JOINT,BRK ROD', 20, 36000);
INSERT INTO `t_part` VALUES (810, '83500KZL930ZA', 'COVER R BODY (BR LM GR)', 20, 255000);
INSERT INTO `t_part` VALUES (811, '90102KGH900', 'BOLT FLANGE 6X10', 20, 6000);
INSERT INTO `t_part` VALUES (812, '83540KEG880BNS', 'COVER R SD BLK(NO STRP)', 20, 52000);
INSERT INTO `t_part` VALUES (813, '35010439000', 'KEY,SET', 20, 1053000);
INSERT INTO `t_part` VALUES (814, '13000KYJ900', '13000KYJ902', 20, 1628000);
INSERT INTO `t_part` VALUES (815, '1865AKVY960', 'TUBE SET PB(ASV)', 20, 6000);
INSERT INTO `t_part` VALUES (816, '52400KYZ901', 'CUSHION ASSY RR.', 20, 200000);
INSERT INTO `t_part` VALUES (817, '90016KYJ900', 'BOLT,FLANGE,NSHF,', 20, 5000);
INSERT INTO `t_part` VALUES (818, '37212KZR601', 'CASE ASSY.', 20, 80000);
INSERT INTO `t_part` VALUES (819, '50100KTLN10', 'FRAME BODY', 20, 1018000);
INSERT INTO `t_part` VALUES (820, '64430KPH880FMT', 'SHIELD R LEG TPBL(Y)', 20, 166000);
INSERT INTO `t_part` VALUES (821, '08000K16GLD', 'ACC KIT SCOOPY FI GOLD', 20, 340000);
INSERT INTO `t_part` VALUES (822, 'WHJ02HRC000', 'JACKET HRC BIRU', 20, 50000);
INSERT INTO `t_part` VALUES (823, '83600KZL930ZD', 'COVER L BODY (CN SC RD)', 20, 297000);
INSERT INTO `t_part` VALUES (824, '18652KTM950', 'TUBE A AI', 20, 7500);
INSERT INTO `t_part` VALUES (825, '9,34821E+11', '9,34021E+11', 20, 3600);
INSERT INTO `t_part` VALUES (826, '32111KW6960', 'SUB CORD, NEUTRAL', 20, 32900);
INSERT INTO `t_part` VALUES (827, '91556SP0003', 'CLIP,COUPLER   L4,V6', 20, 164000);
INSERT INTO `t_part` VALUES (828, '83500KPW900FMB', 'COVER R SD(BLK)', 20, 67000);
INSERT INTO `t_part` VALUES (829, '90103KCJ640', 'BOLT SPECIAL FLANGE 8X38', 20, 2500);
INSERT INTO `t_part` VALUES (830, '91304107000', 'O-RING,2.4X9.4', 20, 11000);
INSERT INTO `t_part` VALUES (831, '90525030001', 'WASHER B (L)', 20, 1000);
INSERT INTO `t_part` VALUES (832, '80110K16900', 'COVER, BATTERY', 20, 10000);
INSERT INTO `t_part` VALUES (833, '90019399010', 'BOLT,FLANGE10X110', 20, 45000);
INSERT INTO `t_part` VALUES (834, '23471KGH901', 'GEAR C-3', 20, 46000);
INSERT INTO `t_part` VALUES (835, '17520KFA900ZB', 'TANK CM.FUEL B154M', 20, 3622000);
INSERT INTO `t_part` VALUES (836, '53205KEV830FMD', 'COVER HDL FR(ARED)', 20, 118000);
INSERT INTO `t_part` VALUES (837, '1751BKWB920', 'HALF, UPPER COMP', 20, 60000);
INSERT INTO `t_part` VALUES (838, '17510KWC900', 'FUEL TANK (PAINT)', 20, 265000);
INSERT INTO `t_part` VALUES (839, '33652GN5901', 'LENS L.RR.W/K.', 20, 27000);
INSERT INTO `t_part` VALUES (840, '87120KWN900ZA', 'MARK,HONDA 75 MM', 20, 2500);
INSERT INTO `t_part` VALUES (841, '64231KBA840ZC', 'STR.A,R.FR.UP.CWL.T3', 20, 32000);
INSERT INTO `t_part` VALUES (842, '38120KYE901', 'HORN COMP (LOW)', 20, 40500);
INSERT INTO `t_part` VALUES (843, '871X0KYL670ZBR', 'STRIPE BLACK BLUE R', 20, 115000);
INSERT INTO `t_part` VALUES (844, 'Z614016', 'M.TONE LEMON YELLOW', 20, 210000);
INSERT INTO `t_part` VALUES (845, '53166KYT900', 'GRIP L HDL', 20, 15500);
INSERT INTO `t_part` VALUES (846, '86643KPPT00ZC', 'STRIPE A,R MIDDLE COWL T2', 20, 183000);
INSERT INTO `t_part` VALUES (847, '17620384902', 'CAP FUEL FILLER', 20, 246000);
INSERT INTO `t_part` VALUES (848, '871X0K03N10ZDL', 'STRIPE BLACK GREEN L', 20, 115000);
INSERT INTO `t_part` VALUES (849, '90433KW7900', 'WASHER,17X23X3', 20, 35000);
INSERT INTO `t_part` VALUES (850, '06455-KW6-841', '06455-KW6-841', 20, 16800);
INSERT INTO `t_part` VALUES (851, '31220KZR601', 'STATOR COMP', 20, 520000);
INSERT INTO `t_part` VALUES (852, '44830KET900', 'CABLE CM.SPEEDOMETER', 20, 98000);
INSERT INTO `t_part` VALUES (853, '5061AK07900', 'STEP BAR ASSY', 20, 145000);
INSERT INTO `t_part` VALUES (854, '24211KYJ900', 'FORK L,GEAR SHIFT', 20, 342000);
INSERT INTO `t_part` VALUES (855, '24701KPPT00', 'PEDAL COMP., GEAR CHANGE', 20, 90000);
INSERT INTO `t_part` VALUES (856, '93301050160A', 'BOLT HEX 5X16', 20, 500);
INSERT INTO `t_part` VALUES (857, '14908KT7013', 'SHIM,TAPPET (1.375)', 20, 50000);
INSERT INTO `t_part` VALUES (858, '17910KTL691', 'THROTTLE CABLE', 20, 20000);
INSERT INTO `t_part` VALUES (859, '871X0KZRB00ZDR', 'STRIPE WHITE BLUE R', 20, 100000);
INSERT INTO `t_part` VALUES (860, '45383107720', 'GROMMET,PAD', 20, 25800);
INSERT INTO `t_part` VALUES (861, '83540KSPB00FMB', 'COVER R SD A(BLK)', 20, 120000);
INSERT INTO `t_part` VALUES (862, '91301469003', 'O-RING,FR FORK', 20, 3800);
INSERT INTO `t_part` VALUES (863, '16100KPW902', 'CARBURETOR ASSY', 20, 1090200);
INSERT INTO `t_part` VALUES (864, '37100KGH901', 'METER ASSY.,COMBINATION', 20, 1611100);
INSERT INTO `t_part` VALUES (865, '28261KCJ710', 'SPRING,KICK START', 20, 60000);
INSERT INTO `t_part` VALUES (866, '42304KBA920', 'COLLAR L RR.', 20, 29600);
INSERT INTO `t_part` VALUES (867, '08F88KWN760X', 'KIT MUFFLER GARN GUN MET', 20, 215000);
INSERT INTO `t_part` VALUES (868, '131A1KWC900', 'PISTON KIT (STD)', 20, 143000);
INSERT INTO `t_part` VALUES (869, '50270KBW900HNS', 'SHROUD L SLV(NO STRP)', 20, 97000);
INSERT INTO `t_part` VALUES (870, '45210KR3871', 'BRACKET,R', 20, 85000);
INSERT INTO `t_part` VALUES (871, '42301KWB600', 'AXLE RR WHEEL', 20, 21000);
INSERT INTO `t_part` VALUES (872, '64241KW6960ZB', 'STRIPE B, R.FUELTANK (2)', 20, 17600);
INSERT INTO `t_part` VALUES (873, '64340KEV880FMD', 'COVER L BODY(ARED)', 20, 187000);
INSERT INTO `t_part` VALUES (874, '9460850000', 'O-RING,23X2.8', 20, 12000);
INSERT INTO `t_part` VALUES (875, '90105GF6000', 'SCREW,PAN 4X10', 20, 15000);
INSERT INTO `t_part` VALUES (876, '90208438000', 'NUT,FLANGE CAP', 20, 21000);
INSERT INTO `t_part` VALUES (877, '77236KPPT00', 'WIRE,HELMET SET', 20, 19000);
INSERT INTO `t_part` VALUES (878, '32105K07901', 'SUB COAD STARTER MOTOR', 20, 42000);
INSERT INTO `t_part` VALUES (879, '90071MF5000', 'BOLT,FLANGE', 20, 13600);
INSERT INTO `t_part` VALUES (880, '871X0KYZ650ZAL', 'STRIPE BLACK RED L', 20, 110000);
INSERT INTO `t_part` VALUES (881, '64750KVR964FMBNP', 'SET IL,R LEG SHIELD(BK-GN', 20, 49000);
INSERT INTO `t_part` VALUES (882, '37111KW6961', 'CASE ASSY., UPPER', 20, 775000);
INSERT INTO `t_part` VALUES (883, '83520KVBN50', 'COVER R BODY SD', 20, 57000);
INSERT INTO `t_part` VALUES (884, '77200KCJ930', 'SEAT DOUBLE', 20, 197000);
INSERT INTO `t_part` VALUES (885, '83645GF6000DNS', 'COVER B R SD RD(NO STRP)', 20, 32000);
INSERT INTO `t_part` VALUES (886, '64450KWB920PTB', 'COVER L M/P(PL TW BL)', 20, 139000);
INSERT INTO `t_part` VALUES (887, '51470KWN901', 'PIPE,SEAT', 20, 107000);
INSERT INTO `t_part` VALUES (888, '11330KCJ951', 'COVER R CRANK CASE', 20, 330000);
INSERT INTO `t_part` VALUES (889, '64420KWB600TBM', 'COVER L BODY(TH BL MT)', 20, 176000);
INSERT INTO `t_part` VALUES (890, '64431K16900PMC', 'COVER UNDER L SD(PL ML CR)', 20, 91000);
INSERT INTO `t_part` VALUES (891, '53165MR4900', 'GRIP R HDL', 20, 10500);
INSERT INTO `t_part` VALUES (892, '15100KVB900', 'PUMP ASSY OIL', 20, 46000);
INSERT INTO `t_part` VALUES (893, '13101KWZ900', 'PISTON  STD', 20, 48000);
INSERT INTO `t_part` VALUES (894, '871X0KPH830ZB', 'STRIPE SLVR BLK RED L & R', 20, 175000);
INSERT INTO `t_part` VALUES (895, '33452KTL691', 'LENS WINKER L FR', 20, 8500);
INSERT INTO `t_part` VALUES (896, '83500KYT940PFW', 'COVER R BODY(PL FD WH)', 20, 242000);
INSERT INTO `t_part` VALUES (897, '64385KWC900FMB', 'COWL L MIDLE(BLK)', 20, 85000);
INSERT INTO `t_part` VALUES (898, '92101060400A', 'BOLT,HEX.,6X40', 20, 4000);
INSERT INTO `t_part` VALUES (899, '38771KZL930', 'SUSPENSION ENGINE CONTROL', 20, 3500);
INSERT INTO `t_part` VALUES (900, '14321KEH901', 'SPROCKET CAM', 20, 21000);
INSERT INTO `t_part` VALUES (901, '24610GF6030', 'SPINDLE,GEARSHIFT', 20, 355000);
INSERT INTO `t_part` VALUES (902, '87522MAB600', 'LABEL VISOR CAUTION', 20, 12000);
INSERT INTO `t_part` VALUES (903, '83750KVB930PFW', 'COVER RR CTR(PL FD WH)', 20, 27000);
INSERT INTO `t_part` VALUES (904, '45105KG2952', 'PAD SET', 20, 48500);
INSERT INTO `t_part` VALUES (905, '9390332020', 'SCREW,TAPPING 3X6', 20, 3500);
INSERT INTO `t_part` VALUES (906, '53205KEV830FML', 'COVER HDL FR(CAND WBLU)', 20, 125000);
INSERT INTO `t_part` VALUES (907, '17520KBAK00ZC', 'SET ILLUST TANK P20P', 20, 2989000);
INSERT INTO `t_part` VALUES (908, '22119178306', 'GSKT,CLUTCH OUT', 20, 20000);
INSERT INTO `t_part` VALUES (909, '83500KBA930ZD', 'COWL RR.NH196', 20, 160000);
INSERT INTO `t_part` VALUES (910, '53104KPH720', 'WEIGHT B ASSY STRG HDL(Y)', 20, 15000);
INSERT INTO `t_part` VALUES (911, '1720AKWZ750', 'AIR CLEANER SET', 20, 237000);
INSERT INTO `t_part` VALUES (912, '22641GN8921', 'SPRING PRIMARY CLUTCH', 20, 3500);
INSERT INTO `t_part` VALUES (913, '14211KW6901', 'SHAFT,FLAP VALVE', 20, 165000);
INSERT INTO `t_part` VALUES (914, '81100GN5900', 'CARRIER FR.', 20, 165000);
INSERT INTO `t_part` VALUES (915, '9,57011E+11', 'BOLT FLANGE 6X105', 20, 1500);
INSERT INTO `t_part` VALUES (916, '90121KBW900', 'BOLT SWINGARM', 20, 19500);
INSERT INTO `t_part` VALUES (917, '33703GN5841', 'LENS WINKER L RR', 20, 7000);
INSERT INTO `t_part` VALUES (918, '33702KEH950', 'LENS TAILLIGHT', 20, 120000);
INSERT INTO `t_part` VALUES (919, '9,58011E+11', 'BOLT, FLANGE, 8X45', 20, 2000);
INSERT INTO `t_part` VALUES (920, '51410KCJ691', 'PIPE COMP FR FORK', 20, 238000);
INSERT INTO `t_part` VALUES (921, '11341KVB930', 'COVER L CRANK CASE', 20, 270000);
INSERT INTO `t_part` VALUES (922, '90560K18900', 'WASHER, RR. AXLE', 20, 8000);
INSERT INTO `t_part` VALUES (923, '44830KPK900', 'CABLE ASSY,SPDMT', 20, 91000);
INSERT INTO `t_part` VALUES (924, '83520KW6680ZA', 'PANEL TAIL R158', 20, 118100);
INSERT INTO `t_part` VALUES (925, '90451107000', 'WASHER,THRUST', 20, 17000);
INSERT INTO `t_part` VALUES (926, '77230KEV900', 'SEAT LOCK COMP', 20, 20000);
INSERT INTO `t_part` VALUES (927, '64400KWWA00DSM', 'COVER R M/P SD(DG SL MT)', 20, 161000);
INSERT INTO `t_part` VALUES (928, '23471KVS900', 'GEAR M-4', 20, 57000);
INSERT INTO `t_part` VALUES (929, '90082035010', 'BOLT HS 6MM', 20, 12000);
INSERT INTO `t_part` VALUES (930, '32100KVBN50', 'HARNESS WIRE', 20, 350000);
INSERT INTO `t_part` VALUES (931, '43410KCJ880', 'ARM RR BRAKE', 20, 13000);
INSERT INTO `t_part` VALUES (932, '51400KTM850', 'FORK ASSY R FR (DK)', 20, 384000);
INSERT INTO `t_part` VALUES (933, '16100GN8924', 'CARBURETOR ASSY', 20, 1100000);
INSERT INTO `t_part` VALUES (934, '33450KTM850', 'WINKER ASSY L FR', 20, 40000);
INSERT INTO `t_part` VALUES (935, '81131K16900ZN', 'COVER INR RACK(PL ML CR)', 20, 144000);
INSERT INTO `t_part` VALUES (936, '9900418190', 'WRENCH,BOX P18X19', 20, 50000);
INSERT INTO `t_part` VALUES (937, '871X0KZRB10ZDL', 'STRIPE BLUE L', 20, 100000);
INSERT INTO `t_part` VALUES (938, '43353KBP930', 'CAP BLEEDER', 20, 17000);
INSERT INTO `t_part` VALUES (939, '77110KCJ660', 'KEY SEAT LOCK', 20, 98000);
INSERT INTO `t_part` VALUES (940, '871Z0KWY700ZC', 'STRIPE CN SC RED L & R', 20, 180000);
INSERT INTO `t_part` VALUES (941, '37210K07901', 'SPEEDOMETER COMP', 20, 242000);
INSERT INTO `t_part` VALUES (942, '11393107010', '11393107010', 20, 14200);
INSERT INTO `t_part` VALUES (943, '9,66001E+11', 'BOLT,SOCKET 6X16', 20, 2700);
INSERT INTO `t_part` VALUES (944, '17572KPH701', 'GASKET,FUEL PUMP', 20, 95000);
INSERT INTO `t_part` VALUES (945, '13014KVB900', 'RING SET, PISTON(0.75)', 20, 58000);
INSERT INTO `t_part` VALUES (946, '64330KEV880NP', 'COVER,R BODY(PLS)', 20, 50500);
INSERT INTO `t_part` VALUES (947, '14781001010', 'COTTER,VALVE', 20, 13200);
INSERT INTO `t_part` VALUES (948, '41200KEH900', 'SPROCKET DRIVEN', 20, 134000);
INSERT INTO `t_part` VALUES (949, '16025KCN751', 'LEVER SET,CHOKE', 20, 185000);
INSERT INTO `t_part` VALUES (950, '13103KRM305', 'PISTON  (0.50)', 20, 65000);
INSERT INTO `t_part` VALUES (951, '53177KWN900', 'BOOT,L LEVER', 20, 16000);
INSERT INTO `t_part` VALUES (952, '51520KWC901', 'CASE  L FR BOTTOM', 20, 150000);
INSERT INTO `t_part` VALUES (953, '5210AKYE910', 'SWINGARM ASSY REAR SET', 20, 620000);
INSERT INTO `t_part` VALUES (954, '9390325210NP', 'SCREW,TAPP 5X12', 20, 500);
INSERT INTO `t_part` VALUES (955, '11341GBGB10', 'COV.L.CR/CS', 20, 871000);
INSERT INTO `t_part` VALUES (956, '871X0KEH690ZA', 'STRIPE BLACK YELLOW L & R', 20, 170000);
INSERT INTO `t_part` VALUES (957, '23461KYZ900', 'GEAR,C.SHAFT THIRD(23T)', 20, 47000);
INSERT INTO `t_part` VALUES (958, '45201KW6901', 'BODY,FR CALIPER', 20, 1218000);
INSERT INTO `t_part` VALUES (959, '51402K15901', 'COLLAR SPRING', 20, 2000);
INSERT INTO `t_part` VALUES (960, '17253KWB920', 'TUBE A/C CONNECTING', 20, 8500);
INSERT INTO `t_part` VALUES (961, '9405004000', 'NUT,FLANGE,4MM', 20, 5000);
INSERT INTO `t_part` VALUES (962, '07600KL48000', 'T-BOX 14 MM', 20, 119000);
INSERT INTO `t_part` VALUES (963, '77460010800', 'DRIVER,OU.22 X 24MM', 20, 226000);
INSERT INTO `t_part` VALUES (964, '070PZZY30100', 'DLC SHORT CONNECTOR', 20, 146000);
INSERT INTO `t_part` VALUES (965, '64434KWN900ZA', 'LID,PLUG MAINTENANCE', 20, 12000);
INSERT INTO `t_part` VALUES (966, '1565AKWZ750', 'GAUGE ASSY OIL LEVEL', 20, 7500);
INSERT INTO `t_part` VALUES (967, '16148KB1921', 'SEALING CAP,CABLE', 20, 52000);
INSERT INTO `t_part` VALUES (968, '23121KGH900', 'GEAR A,PRIM DRIVE', 20, 503300);
INSERT INTO `t_part` VALUES (969, '11361KEH600', 'COVER L RR CRANK CASE', 20, 74000);
INSERT INTO `t_part` VALUES (970, 'AHMM0014001', 'HONDA RC211V - TU.03', 20, 41000);
INSERT INTO `t_part` VALUES (971, '89010KC5000', 'TOOL SET', 20, 270000);
INSERT INTO `t_part` VALUES (972, '175A1GF6974FMB', 'TANK,FUEL (BLK)/4', 20, 324900);
INSERT INTO `t_part` VALUES (973, '64301KZR600AFB', 'COVER FR(AF BK MT)', 20, 271000);
INSERT INTO `t_part` VALUES (974, '06435MCA016', 'PAD SET, RR', 20, 800000);
INSERT INTO `t_part` VALUES (975, '35350KPHB31', 'SWITCH ASSY RR STOP', 20, 44500);
INSERT INTO `t_part` VALUES (976, '51470KZR600', 'PIPE SEAT', 20, 30000);
INSERT INTO `t_part` VALUES (977, '16011147305', 'VALVE,SET FLOAT', 20, 115000);
INSERT INTO `t_part` VALUES (978, '17218439010', 'COVER,DUCT', 20, 1500);
INSERT INTO `t_part` VALUES (979, '32100KW6960', 'HARNESS, WIRE', 20, 689000);
INSERT INTO `t_part` VALUES (980, '9,57011E+11', 'BOLT FLANGE 10X40', 20, 4500);
INSERT INTO `t_part` VALUES (981, '80106KZR600', 'FENDER RR INNER ASSY', 20, 21000);
INSERT INTO `t_part` VALUES (982, '9,60011E+11', 'BOLT FLANGE SH 6X12', 20, 6000);
INSERT INTO `t_part` VALUES (983, '9,57011E+11', '9,57011E+11', 20, 1000);
INSERT INTO `t_part` VALUES (984, '33753KEV920', 'LENS L.RR.WINKER', 20, 37000);
INSERT INTO `t_part` VALUES (985, '64420KWWA00ISM', 'COVER L BODY(IL SV MT)', 20, 234000);
INSERT INTO `t_part` VALUES (986, 'WH3BSCP0102', 'BAJU SK CADANG PRIA B (L)', 20, 150000);
INSERT INTO `t_part` VALUES (987, '90084KPS900', 'CAP 14MM', 20, 4500);
INSERT INTO `t_part` VALUES (988, '64500KTL690FMB', 'COVER FR TOP(BLK)', 20, 108000);
INSERT INTO `t_part` VALUES (989, '16199KGH901', 'TUBE COMP,AIR VENT', 20, 30500);
INSERT INTO `t_part` VALUES (990, 'WH2BPP0100', 'BAJU PEML PRIA B (S)', 20, 150000);
INSERT INTO `t_part` VALUES (991, '33450KEV601', 'WINKER ASSY L FR', 20, 35000);
INSERT INTO `t_part` VALUES (992, '28281KZLC00', 'SPRING, KICK RETURN', 20, 5000);
INSERT INTO `t_part` VALUES (993, '90031KVB900', 'BOLT A STUD 7X193.5', 20, 8000);
INSERT INTO `t_part` VALUES (994, '871X0KCJ840ZA', 'STRIPE SILVER L & R', 20, 120000);
INSERT INTO `t_part` VALUES (995, '64405KYZ900', 'LOUVER R', 20, 53000);
INSERT INTO `t_part` VALUES (996, '17211439000', 'ELEMENT,CLEANER', 20, 85000);
INSERT INTO `t_part` VALUES (997, '52400KCJ661', 'CUSHION ASSY RR', 20, 285000);
INSERT INTO `t_part` VALUES (998, '08F44KVYPNK', 'Fan Cover Pol. Pnk', 20, 73000);
INSERT INTO `t_part` VALUES (999, '64450KYZ900ZB', 'COVER L M/P SD(DG SL MT)', 20, 382000);
INSERT INTO `t_part` VALUES (1000, '34908KVE900', 'BULB W BASE (T10 12V1.7W)', 20, 3000);

-- ----------------------------
-- Table structure for t_pelanggan
-- ----------------------------
DROP TABLE IF EXISTS `t_pelanggan`;
CREATE TABLE `t_pelanggan`  (
  `id_pelanggan` int(11) NOT NULL AUTO_INCREMENT,
  `nomor_polisi` varchar(15) CHARACTER SET latin1 COLLATE latin1_swedish_ci NULL DEFAULT NULL,
  `nama_pelanggan` varchar(50) CHARACTER SET latin1 COLLATE latin1_swedish_ci NOT NULL,
  `alamat_pelanggan` varchar(500) CHARACTER SET latin1 COLLATE latin1_swedish_ci NULL DEFAULT NULL,
  `merk_type_kendaraan` varchar(50) CHARACTER SET latin1 COLLATE latin1_swedish_ci NULL DEFAULT NULL,
  `jenis_kendaraan` varchar(50) CHARACTER SET latin1 COLLATE latin1_swedish_ci NULL DEFAULT NULL,
  `isi_silinder` varchar(8) CHARACTER SET latin1 COLLATE latin1_swedish_ci NULL DEFAULT NULL,
  `nomor_rangka` varchar(10) CHARACTER SET latin1 COLLATE latin1_swedish_ci NULL DEFAULT NULL,
  `nomor_mesin` varchar(15) CHARACTER SET latin1 COLLATE latin1_swedish_ci NULL DEFAULT NULL,
  `bahan_bakar` varchar(10) CHARACTER SET latin1 COLLATE latin1_swedish_ci NULL DEFAULT NULL,
  PRIMARY KEY (`id_pelanggan`) USING BTREE
) ENGINE = InnoDB AUTO_INCREMENT = 2 CHARACTER SET = latin1 COLLATE = latin1_swedish_ci ROW_FORMAT = Compact;

-- ----------------------------
-- Records of t_pelanggan
-- ----------------------------
INSERT INTO `t_pelanggan` VALUES (1, 'D 1111 ZZ', 'Dudung Ramdani', 'KP Griya Bandung Asri II RT 01 RW 10 blok A 77', 'Honda NF 11B1D M/T', 'Sepeda Motor', '110 CC', 'MH1JBC121A', 'JBC1E21C2C3C', 'Bensin');

-- ----------------------------
-- Table structure for t_temp_trans_part
-- ----------------------------
DROP TABLE IF EXISTS `t_temp_trans_part`;
CREATE TABLE `t_temp_trans_part`  (
  `id_temp_trans_part` int(11) NOT NULL AUTO_INCREMENT,
  `id_pelanggan` int(11) NOT NULL,
  `tanggal` date NOT NULL,
  `id_part` int(11) NOT NULL,
  `harga` int(11) NOT NULL,
  `jumlah` int(11) NOT NULL,
  PRIMARY KEY (`id_temp_trans_part`) USING BTREE
) ENGINE = InnoDB AUTO_INCREMENT = 1 CHARACTER SET = latin1 COLLATE = latin1_swedish_ci ROW_FORMAT = Compact;

-- ----------------------------
-- Table structure for t_temp_trans_service
-- ----------------------------
DROP TABLE IF EXISTS `t_temp_trans_service`;
CREATE TABLE `t_temp_trans_service`  (
  `id_temp_trans_service` int(11) NOT NULL AUTO_INCREMENT,
  `id_pelanggan` int(11) NOT NULL,
  `id_mekanik` int(11) NOT NULL,
  `tanggal` date NULL DEFAULT NULL,
  `id_jasa` int(11) NOT NULL,
  `harga` int(11) NOT NULL,
  PRIMARY KEY (`id_temp_trans_service`) USING BTREE
) ENGINE = InnoDB AUTO_INCREMENT = 1 CHARACTER SET = latin1 COLLATE = latin1_swedish_ci ROW_FORMAT = Compact;

-- ----------------------------
-- Table structure for t_trans_part
-- ----------------------------
DROP TABLE IF EXISTS `t_trans_part`;
CREATE TABLE `t_trans_part`  (
  `id_trans_part` int(11) NOT NULL AUTO_INCREMENT,
  `id_pelanggan` int(11) NOT NULL,
  `id_user` int(11) NOT NULL,
  `tanggal_trans_part` datetime(0) NOT NULL,
  PRIMARY KEY (`id_trans_part`) USING BTREE,
  INDEX `fktp1`(`id_pelanggan`) USING BTREE,
  INDEX `fkk1`(`id_user`) USING BTREE,
  CONSTRAINT `fkk1` FOREIGN KEY (`id_user`) REFERENCES `t_user` (`id_user`) ON DELETE RESTRICT ON UPDATE RESTRICT,
  CONSTRAINT `fktp1` FOREIGN KEY (`id_pelanggan`) REFERENCES `t_pelanggan` (`id_pelanggan`) ON DELETE RESTRICT ON UPDATE RESTRICT
) ENGINE = InnoDB AUTO_INCREMENT = 6 CHARACTER SET = latin1 COLLATE = latin1_swedish_ci ROW_FORMAT = Compact;

-- ----------------------------
-- Records of t_trans_part
-- ----------------------------
INSERT INTO `t_trans_part` VALUES (1, 1, 1, '2018-06-19 17:27:43');
INSERT INTO `t_trans_part` VALUES (2, 1, 1, '2018-07-19 17:29:23');
INSERT INTO `t_trans_part` VALUES (3, 1, 1, '2018-09-01 17:30:45');
INSERT INTO `t_trans_part` VALUES (4, 1, 1, '2019-01-30 17:31:45');
INSERT INTO `t_trans_part` VALUES (5, 1, 1, '2019-04-01 17:52:49');

-- ----------------------------
-- Table structure for t_trans_service
-- ----------------------------
DROP TABLE IF EXISTS `t_trans_service`;
CREATE TABLE `t_trans_service`  (
  `id_trans_service` int(11) NOT NULL AUTO_INCREMENT,
  `id_pelanggan` int(11) NOT NULL,
  `id_mekanik` int(11) NOT NULL,
  `id_user` int(11) NOT NULL,
  `nomor_kwitansi` varchar(255) CHARACTER SET latin1 COLLATE latin1_swedish_ci NOT NULL,
  `tanggal_trans_service` datetime(0) NOT NULL,
  PRIMARY KEY (`id_trans_service`) USING BTREE,
  INDEX `fkts1`(`id_pelanggan`) USING BTREE,
  INDEX `fkts2`(`id_mekanik`) USING BTREE,
  INDEX `fkk2`(`id_user`) USING BTREE,
  UNIQUE INDEX `nomor_transaksi`(`nomor_kwitansi`) USING BTREE,
  CONSTRAINT `fkk2` FOREIGN KEY (`id_user`) REFERENCES `t_user` (`id_user`) ON DELETE RESTRICT ON UPDATE RESTRICT,
  CONSTRAINT `fkts1` FOREIGN KEY (`id_pelanggan`) REFERENCES `t_pelanggan` (`id_pelanggan`) ON DELETE RESTRICT ON UPDATE RESTRICT,
  CONSTRAINT `fkts2` FOREIGN KEY (`id_mekanik`) REFERENCES `t_mekanik` (`id_mekanik`) ON DELETE RESTRICT ON UPDATE RESTRICT
) ENGINE = InnoDB AUTO_INCREMENT = 7 CHARACTER SET = latin1 COLLATE = latin1_swedish_ci ROW_FORMAT = Compact;

-- ----------------------------
-- Records of t_trans_service
-- ----------------------------
INSERT INTO `t_trans_service` VALUES (1, 1, 1, 1, 'T0001', '2018-06-19 17:53:52');
INSERT INTO `t_trans_service` VALUES (2, 1, 1, 1, 'T0002', '2018-06-30 17:54:07');
INSERT INTO `t_trans_service` VALUES (3, 1, 1, 1, 'T0003', '2018-11-19 17:54:31');
INSERT INTO `t_trans_service` VALUES (4, 1, 1, 1, 'T0004', '2018-12-07 17:54:43');
INSERT INTO `t_trans_service` VALUES (5, 1, 1, 1, 'T0005', '2019-02-19 17:55:02');
INSERT INTO `t_trans_service` VALUES (6, 1, 1, 1, 'T0006', '2019-10-22 17:55:28');

-- ----------------------------
-- Table structure for t_user
-- ----------------------------
DROP TABLE IF EXISTS `t_user`;
CREATE TABLE `t_user`  (
  `id_user` int(11) NOT NULL AUTO_INCREMENT,
  `username` varchar(10) CHARACTER SET latin1 COLLATE latin1_swedish_ci NOT NULL,
  `password` varchar(10) CHARACTER SET latin1 COLLATE latin1_swedish_ci NOT NULL,
  PRIMARY KEY (`id_user`) USING BTREE
) ENGINE = InnoDB AUTO_INCREMENT = 2 CHARACTER SET = latin1 COLLATE = latin1_swedish_ci ROW_FORMAT = Compact;

-- ----------------------------
-- Records of t_user
-- ----------------------------
INSERT INTO `t_user` VALUES (1, 'admin', 'admin123');

SET FOREIGN_KEY_CHECKS = 1;
